_id,ltable_ID,rtable_ID,ltable_Name,ltable_Brand,ltable_Screen Size,ltable_RAM,ltable_Hard Drive Capacity,ltable_Processor Type,ltable_Processor Speed,ltable_Operating System,ltable_Battery Life,ltable_Clean Name,rtable_Name,rtable_Brand,rtable_Screen Size,rtable_RAM,rtable_Hard Drive Capacity,rtable_Processor Type,rtable_Processor Speed,rtable_Operating System,rtable_Battery Life,rtable_Clean Name
0,2,1264,"HP Stream 11.6"" Laptop, Windows 10 Home, Office 365 Personal 1-year subscription included, Intel Celeron N3060 Processor, 4GB RAM, 32GB eMMC Storage",HP,11.6 in,4 GB,32 GB,Intel Celeron,1.6 Hz,Windows 10,10 h,Stream Intel Celeron N3060,"HP 14 Inch Stream Laptop, Intel Celeron N3060 Processor, 4GB RAM, 32GB eMMC, 1-year Office 365 Personal included, HDMI",HP,14 in,4 GB,32 GB,Intel,1.6 GHz,Windows 10,,Stream Intel Celeron N3060
1,2,1286,"HP Stream 11.6"" Laptop, Windows 10 Home, Office 365 Personal 1-year subscription included, Intel Celeron N3060 Processor, 4GB RAM, 32GB eMMC Storage",HP,11.6 in,4 GB,32 GB,Intel Celeron,1.6 Hz,Windows 10,10 h,Stream Intel Celeron N3060,"HP 14 Inch Stream Laptop, Intel Celeron N3060 Processor, 4GB RAM, 32GB eMMC, 1-year Office 365 Personal included, HDMI",HP,14 in,4 GB,32 GB,Intel,1.6 GHz,Windows 10,,Stream Intel Celeron N3060
2,457,1242,"HP Stream 11.6"" Laptop, Windows 10 Home, Office 365 Personal 1-year subscription included, Intel Celeron N3060 Processor, 4GB RAM, 32GB eMMC Storage",HP,11.6 in,4 GB,32 GB,Intel Celeron,"1.60 GHz, with a Max Turbo Speed of 2.48 GHz",Windows 10,10 hours,Stream Intel Celeron N3060,"HP 14 Inch Stream Laptop, Intel Celeron N3060 Processor, 4GB RAM, 32GB eMMC, 1-year Office 365 Personal included, HDMI",HP,14 in,4 GB,32 GB,Intel,1.6 GHz,Windows 10,,Stream Intel Celeron N3060
3,2,1242,"HP Stream 11.6"" Laptop, Windows 10 Home, Office 365 Personal 1-year subscription included, Intel Celeron N3060 Processor, 4GB RAM, 32GB eMMC Storage",HP,11.6 in,4 GB,32 GB,Intel Celeron,1.6 Hz,Windows 10,10 h,Stream Intel Celeron N3060,"HP 14 Inch Stream Laptop, Intel Celeron N3060 Processor, 4GB RAM, 32GB eMMC, 1-year Office 365 Personal included, HDMI",HP,14 in,4 GB,32 GB,Intel,1.6 GHz,Windows 10,,Stream Intel Celeron N3060
4,457,1286,"HP Stream 11.6"" Laptop, Windows 10 Home, Office 365 Personal 1-year subscription included, Intel Celeron N3060 Processor, 4GB RAM, 32GB eMMC Storage",HP,11.6 in,4 GB,32 GB,Intel Celeron,"1.60 GHz, with a Max Turbo Speed of 2.48 GHz",Windows 10,10 hours,Stream Intel Celeron N3060,"HP 14 Inch Stream Laptop, Intel Celeron N3060 Processor, 4GB RAM, 32GB eMMC, 1-year Office 365 Personal included, HDMI",HP,14 in,4 GB,32 GB,Intel,1.6 GHz,Windows 10,,Stream Intel Celeron N3060
5,457,1220,"HP Stream 11.6"" Laptop, Windows 10 Home, Office 365 Personal 1-year subscription included, Intel Celeron N3060 Processor, 4GB RAM, 32GB eMMC Storage",HP,11.6 in,4 GB,32 GB,Intel Celeron,"1.60 GHz, with a Max Turbo Speed of 2.48 GHz",Windows 10,10 hours,Stream Intel Celeron N3060,"HP 14 Inch Stream Laptop, Intel Celeron N3060 Processor, 4GB RAM, 32GB eMMC, 1-year Office 365 Personal included, HDMI",HP,14 in,4 GB,32 GB,Intel,1.6 GHz,Windows 10,,Stream Intel Celeron N3060
6,457,32,"HP Stream 11.6"" Laptop, Windows 10 Home, Office 365 Personal 1-year subscription included, Intel Celeron N3060 Processor, 4GB RAM, 32GB eMMC Storage",HP,11.6 in,4 GB,32 GB,Intel Celeron,"1.60 GHz, with a Max Turbo Speed of 2.48 GHz",Windows 10,10 hours,Stream Intel Celeron N3060,"HP 14 Inch Stream Laptop, Intel Celeron N3060 Processor, 4GB RAM, 32GB eMMC, 1-year Office 365 Personal included, HDMI",HP,14 in,4 GB,32 GB,Intel,1.6 GHz,Windows 10,,Stream Intel Celeron N3060
7,2,1220,"HP Stream 11.6"" Laptop, Windows 10 Home, Office 365 Personal 1-year subscription included, Intel Celeron N3060 Processor, 4GB RAM, 32GB eMMC Storage",HP,11.6 in,4 GB,32 GB,Intel Celeron,1.6 Hz,Windows 10,10 h,Stream Intel Celeron N3060,"HP 14 Inch Stream Laptop, Intel Celeron N3060 Processor, 4GB RAM, 32GB eMMC, 1-year Office 365 Personal included, HDMI",HP,14 in,4 GB,32 GB,Intel,1.6 GHz,Windows 10,,Stream Intel Celeron N3060
8,457,1022,"HP Stream 11.6"" Laptop, Windows 10 Home, Office 365 Personal 1-year subscription included, Intel Celeron N3060 Processor, 4GB RAM, 32GB eMMC Storage",HP,11.6 in,4 GB,32 GB,Intel Celeron,"1.60 GHz, with a Max Turbo Speed of 2.48 GHz",Windows 10,10 hours,Stream Intel Celeron N3060,"HP 14 Inch Stream Laptop, Intel Celeron N3060 Processor, 4GB RAM, 32GB eMMC, 1-year Office 365 Personal included, HDMI",HP,14 in,4 GB,32 GB,Intel,1.6 GHz,Windows 10,,Stream Intel Celeron N3060
9,2,494,"HP Stream 11.6"" Laptop, Windows 10 Home, Office 365 Personal 1-year subscription included, Intel Celeron N3060 Processor, 4GB RAM, 32GB eMMC Storage",HP,11.6 in,4 GB,32 GB,Intel Celeron,1.6 Hz,Windows 10,10 h,Stream Intel Celeron N3060,"HP 14 Inch Stream Laptop, Intel Celeron N3060 Processor, 4GB RAM, 32GB eMMC, 1-year Office 365 Personal included, HDMI",HP,14 in,4 GB,32 GB,Intel,1.6 GHz,Windows 10,,Stream Intel Celeron N3060
10,457,560,"HP Stream 11.6"" Laptop, Windows 10 Home, Office 365 Personal 1-year subscription included, Intel Celeron N3060 Processor, 4GB RAM, 32GB eMMC Storage",HP,11.6 in,4 GB,32 GB,Intel Celeron,"1.60 GHz, with a Max Turbo Speed of 2.48 GHz",Windows 10,10 hours,Stream Intel Celeron N3060,"HP 14 Inch Stream Laptop, Intel Celeron N3060 Processor, 4GB RAM, 32GB eMMC, 1-year Office 365 Personal included, HDMI",HP,14 in,4 GB,32 GB,Intel,1.6 GHz,Windows 10,,Stream Intel Celeron N3060
11,2,626,"HP Stream 11.6"" Laptop, Windows 10 Home, Office 365 Personal 1-year subscription included, Intel Celeron N3060 Processor, 4GB RAM, 32GB eMMC Storage",HP,11.6 in,4 GB,32 GB,Intel Celeron,1.6 Hz,Windows 10,10 h,Stream Intel Celeron N3060,"HP 14 Inch Stream Laptop, Intel Celeron N3060 Processor, 4GB RAM, 32GB eMMC, 1-year Office 365 Personal included, HDMI",HP,14 in,4 GB,32 GB,Intel,1.6 GHz,Windows 10,,Stream Intel Celeron N3060
12,457,208,"HP Stream 11.6"" Laptop, Windows 10 Home, Office 365 Personal 1-year subscription included, Intel Celeron N3060 Processor, 4GB RAM, 32GB eMMC Storage",HP,11.6 in,4 GB,32 GB,Intel Celeron,"1.60 GHz, with a Max Turbo Speed of 2.48 GHz",Windows 10,10 hours,Stream Intel Celeron N3060,"HP 14 Inch Stream Laptop, Intel Celeron N3060 Processor, 4GB RAM, 32GB eMMC, 1-year Office 365 Personal included, HDMI",HP,14 in,4 GB,32 GB,Intel,1.6 GHz,Windows 10,,Stream Intel Celeron N3060
13,2,1198,"HP Stream 11.6"" Laptop, Windows 10 Home, Office 365 Personal 1-year subscription included, Intel Celeron N3060 Processor, 4GB RAM, 32GB eMMC Storage",HP,11.6 in,4 GB,32 GB,Intel Celeron,1.6 Hz,Windows 10,10 h,Stream Intel Celeron N3060,"HP 14 Inch Stream Laptop, Intel Celeron N3060 Processor, 4GB RAM, 32GB eMMC, 1-year Office 365 Personal included, HDMI",HP,14 in,4 GB,32 GB,Intel,1.6 GHz,Windows 10,,Stream Intel Celeron N3060
14,2,560,"HP Stream 11.6"" Laptop, Windows 10 Home, Office 365 Personal 1-year subscription included, Intel Celeron N3060 Processor, 4GB RAM, 32GB eMMC Storage",HP,11.6 in,4 GB,32 GB,Intel Celeron,1.6 Hz,Windows 10,10 h,Stream Intel Celeron N3060,"HP 14 Inch Stream Laptop, Intel Celeron N3060 Processor, 4GB RAM, 32GB eMMC, 1-year Office 365 Personal included, HDMI",HP,14 in,4 GB,32 GB,Intel,1.6 GHz,Windows 10,,Stream Intel Celeron N3060
15,2,450,"HP Stream 11.6"" Laptop, Windows 10 Home, Office 365 Personal 1-year subscription included, Intel Celeron N3060 Processor, 4GB RAM, 32GB eMMC Storage",HP,11.6 in,4 GB,32 GB,Intel Celeron,1.6 Hz,Windows 10,10 h,Stream Intel Celeron N3060,"HP 14 Inch Stream Laptop, Intel Celeron N3060 Processor, 4GB RAM, 32GB eMMC, 1-year Office 365 Personal included, HDMI",HP,14 in,4 GB,32 GB,Intel,1.6 GHz,Windows 10,,Stream Intel Celeron N3060
16,2,472,"HP Stream 11.6"" Laptop, Windows 10 Home, Office 365 Personal 1-year subscription included, Intel Celeron N3060 Processor, 4GB RAM, 32GB eMMC Storage",HP,11.6 in,4 GB,32 GB,Intel Celeron,1.6 Hz,Windows 10,10 h,Stream Intel Celeron N3060,"HP 14 Inch Stream Laptop, Intel Celeron N3060 Processor, 4GB RAM, 32GB eMMC, 1-year Office 365 Personal included, HDMI",HP,14 in,4 GB,32 GB,Intel,1.6 GHz,Windows 10,,Stream Intel Celeron N3060
17,457,472,"HP Stream 11.6"" Laptop, Windows 10 Home, Office 365 Personal 1-year subscription included, Intel Celeron N3060 Processor, 4GB RAM, 32GB eMMC Storage",HP,11.6 in,4 GB,32 GB,Intel Celeron,"1.60 GHz, with a Max Turbo Speed of 2.48 GHz",Windows 10,10 hours,Stream Intel Celeron N3060,"HP 14 Inch Stream Laptop, Intel Celeron N3060 Processor, 4GB RAM, 32GB eMMC, 1-year Office 365 Personal included, HDMI",HP,14 in,4 GB,32 GB,Intel,1.6 GHz,Windows 10,,Stream Intel Celeron N3060
18,457,1264,"HP Stream 11.6"" Laptop, Windows 10 Home, Office 365 Personal 1-year subscription included, Intel Celeron N3060 Processor, 4GB RAM, 32GB eMMC Storage",HP,11.6 in,4 GB,32 GB,Intel Celeron,"1.60 GHz, with a Max Turbo Speed of 2.48 GHz",Windows 10,10 hours,Stream Intel Celeron N3060,"HP 14 Inch Stream Laptop, Intel Celeron N3060 Processor, 4GB RAM, 32GB eMMC, 1-year Office 365 Personal included, HDMI",HP,14 in,4 GB,32 GB,Intel,1.6 GHz,Windows 10,,Stream Intel Celeron N3060
19,457,1176,"HP Stream 11.6"" Laptop, Windows 10 Home, Office 365 Personal 1-year subscription included, Intel Celeron N3060 Processor, 4GB RAM, 32GB eMMC Storage",HP,11.6 in,4 GB,32 GB,Intel Celeron,"1.60 GHz, with a Max Turbo Speed of 2.48 GHz",Windows 10,10 hours,Stream Intel Celeron N3060,"HP 14 Inch Stream Laptop, Intel Celeron N3060 Processor, 4GB RAM, 32GB eMMC, 1-year Office 365 Personal included, HDMI",HP,14 in,4 GB,32 GB,Intel,1.6 GHz,Windows 10,,Stream Intel Celeron N3060
20,2,1176,"HP Stream 11.6"" Laptop, Windows 10 Home, Office 365 Personal 1-year subscription included, Intel Celeron N3060 Processor, 4GB RAM, 32GB eMMC Storage",HP,11.6 in,4 GB,32 GB,Intel Celeron,1.6 Hz,Windows 10,10 h,Stream Intel Celeron N3060,"HP 14 Inch Stream Laptop, Intel Celeron N3060 Processor, 4GB RAM, 32GB eMMC, 1-year Office 365 Personal included, HDMI",HP,14 in,4 GB,32 GB,Intel,1.6 GHz,Windows 10,,Stream Intel Celeron N3060
21,2,802,"HP Stream 11.6"" Laptop, Windows 10 Home, Office 365 Personal 1-year subscription included, Intel Celeron N3060 Processor, 4GB RAM, 32GB eMMC Storage",HP,11.6 in,4 GB,32 GB,Intel Celeron,1.6 Hz,Windows 10,10 h,Stream Intel Celeron N3060,"HP 14 Inch Stream Laptop, Intel Celeron N3060 Processor, 4GB RAM, 32GB eMMC, 1-year Office 365 Personal included, HDMI",HP,14 in,4 GB,32 GB,Intel,1.6 GHz,Windows 10,,Stream Intel Celeron N3060
22,457,846,"HP Stream 11.6"" Laptop, Windows 10 Home, Office 365 Personal 1-year subscription included, Intel Celeron N3060 Processor, 4GB RAM, 32GB eMMC Storage",HP,11.6 in,4 GB,32 GB,Intel Celeron,"1.60 GHz, with a Max Turbo Speed of 2.48 GHz",Windows 10,10 hours,Stream Intel Celeron N3060,"HP 14 Inch Stream Laptop, Intel Celeron N3060 Processor, 4GB RAM, 32GB eMMC, 1-year Office 365 Personal included, HDMI",HP,14 in,4 GB,32 GB,Intel,1.6 GHz,Windows 10,,Stream Intel Celeron N3060
23,457,824,"HP Stream 11.6"" Laptop, Windows 10 Home, Office 365 Personal 1-year subscription included, Intel Celeron N3060 Processor, 4GB RAM, 32GB eMMC Storage",HP,11.6 in,4 GB,32 GB,Intel Celeron,"1.60 GHz, with a Max Turbo Speed of 2.48 GHz",Windows 10,10 hours,Stream Intel Celeron N3060,"HP 14 Inch Stream Laptop, Intel Celeron N3060 Processor, 4GB RAM, 32GB eMMC, 1-year Office 365 Personal included, HDMI",HP,14 in,4 GB,32 GB,Intel,1.6 GHz,Windows 10,,Stream Intel Celeron N3060
24,457,1154,"HP Stream 11.6"" Laptop, Windows 10 Home, Office 365 Personal 1-year subscription included, Intel Celeron N3060 Processor, 4GB RAM, 32GB eMMC Storage",HP,11.6 in,4 GB,32 GB,Intel Celeron,"1.60 GHz, with a Max Turbo Speed of 2.48 GHz",Windows 10,10 hours,Stream Intel Celeron N3060,"HP 14 Inch Stream Laptop, Intel Celeron N3060 Processor, 4GB RAM, 32GB eMMC, 1-year Office 365 Personal included, HDMI",HP,14 in,4 GB,32 GB,Intel,1.6 GHz,Windows 10,,Stream Intel Celeron N3060
25,2,1154,"HP Stream 11.6"" Laptop, Windows 10 Home, Office 365 Personal 1-year subscription included, Intel Celeron N3060 Processor, 4GB RAM, 32GB eMMC Storage",HP,11.6 in,4 GB,32 GB,Intel Celeron,1.6 Hz,Windows 10,10 h,Stream Intel Celeron N3060,"HP 14 Inch Stream Laptop, Intel Celeron N3060 Processor, 4GB RAM, 32GB eMMC, 1-year Office 365 Personal included, HDMI",HP,14 in,4 GB,32 GB,Intel,1.6 GHz,Windows 10,,Stream Intel Celeron N3060
26,457,1000,"HP Stream 11.6"" Laptop, Windows 10 Home, Office 365 Personal 1-year subscription included, Intel Celeron N3060 Processor, 4GB RAM, 32GB eMMC Storage",HP,11.6 in,4 GB,32 GB,Intel Celeron,"1.60 GHz, with a Max Turbo Speed of 2.48 GHz",Windows 10,10 hours,Stream Intel Celeron N3060,"HP 14 Inch Stream Laptop, Intel Celeron N3060 Processor, 4GB RAM, 32GB eMMC, 1-year Office 365 Personal included, HDMI",HP,14 in,4 GB,32 GB,Intel,1.6 GHz,Windows 10,,Stream Intel Celeron N3060
27,457,978,"HP Stream 11.6"" Laptop, Windows 10 Home, Office 365 Personal 1-year subscription included, Intel Celeron N3060 Processor, 4GB RAM, 32GB eMMC Storage",HP,11.6 in,4 GB,32 GB,Intel Celeron,"1.60 GHz, with a Max Turbo Speed of 2.48 GHz",Windows 10,10 hours,Stream Intel Celeron N3060,"HP 14 Inch Stream Laptop, Intel Celeron N3060 Processor, 4GB RAM, 32GB eMMC, 1-year Office 365 Personal included, HDMI",HP,14 in,4 GB,32 GB,Intel,1.6 GHz,Windows 10,,Stream Intel Celeron N3060
28,2,780,"HP Stream 11.6"" Laptop, Windows 10 Home, Office 365 Personal 1-year subscription included, Intel Celeron N3060 Processor, 4GB RAM, 32GB eMMC Storage",HP,11.6 in,4 GB,32 GB,Intel Celeron,1.6 Hz,Windows 10,10 h,Stream Intel Celeron N3060,"HP 14 Inch Stream Laptop, Intel Celeron N3060 Processor, 4GB RAM, 32GB eMMC, 1-year Office 365 Personal included, HDMI",HP,14 in,4 GB,32 GB,Intel,1.6 GHz,Windows 10,,Stream Intel Celeron N3060
29,457,1198,"HP Stream 11.6"" Laptop, Windows 10 Home, Office 365 Personal 1-year subscription included, Intel Celeron N3060 Processor, 4GB RAM, 32GB eMMC Storage",HP,11.6 in,4 GB,32 GB,Intel Celeron,"1.60 GHz, with a Max Turbo Speed of 2.48 GHz",Windows 10,10 hours,Stream Intel Celeron N3060,"HP 14 Inch Stream Laptop, Intel Celeron N3060 Processor, 4GB RAM, 32GB eMMC, 1-year Office 365 Personal included, HDMI",HP,14 in,4 GB,32 GB,Intel,1.6 GHz,Windows 10,,Stream Intel Celeron N3060
30,2,824,"HP Stream 11.6"" Laptop, Windows 10 Home, Office 365 Personal 1-year subscription included, Intel Celeron N3060 Processor, 4GB RAM, 32GB eMMC Storage",HP,11.6 in,4 GB,32 GB,Intel Celeron,1.6 Hz,Windows 10,10 h,Stream Intel Celeron N3060,"HP 14 Inch Stream Laptop, Intel Celeron N3060 Processor, 4GB RAM, 32GB eMMC, 1-year Office 365 Personal included, HDMI",HP,14 in,4 GB,32 GB,Intel,1.6 GHz,Windows 10,,Stream Intel Celeron N3060
31,457,318,"HP Stream 11.6"" Laptop, Windows 10 Home, Office 365 Personal 1-year subscription included, Intel Celeron N3060 Processor, 4GB RAM, 32GB eMMC Storage",HP,11.6 in,4 GB,32 GB,Intel Celeron,"1.60 GHz, with a Max Turbo Speed of 2.48 GHz",Windows 10,10 hours,Stream Intel Celeron N3060,"HP 14 Inch Stream Laptop, Intel Celeron N3060 Processor, 4GB RAM, 32GB eMMC, 1-year Office 365 Personal included, HDMI",HP,14 in,4 GB,32 GB,Intel,1.6 GHz,Windows 10,,Stream Intel Celeron N3060
32,457,538,"HP Stream 11.6"" Laptop, Windows 10 Home, Office 365 Personal 1-year subscription included, Intel Celeron N3060 Processor, 4GB RAM, 32GB eMMC Storage",HP,11.6 in,4 GB,32 GB,Intel Celeron,"1.60 GHz, with a Max Turbo Speed of 2.48 GHz",Windows 10,10 hours,Stream Intel Celeron N3060,"HP 14 Inch Stream Laptop, Intel Celeron N3060 Processor, 4GB RAM, 32GB eMMC, 1-year Office 365 Personal included, HDMI",HP,14 in,4 GB,32 GB,Intel,1.6 GHz,Windows 10,,Stream Intel Celeron N3060
33,457,1088,"HP Stream 11.6"" Laptop, Windows 10 Home, Office 365 Personal 1-year subscription included, Intel Celeron N3060 Processor, 4GB RAM, 32GB eMMC Storage",HP,11.6 in,4 GB,32 GB,Intel Celeron,"1.60 GHz, with a Max Turbo Speed of 2.48 GHz",Windows 10,10 hours,Stream Intel Celeron N3060,"HP 14 Inch Stream Laptop, Intel Celeron N3060 Processor, 4GB RAM, 32GB eMMC, 1-year Office 365 Personal included, HDMI",HP,14 in,4 GB,32 GB,Intel,1.6 GHz,Windows 10,,Stream Intel Celeron N3060
34,2,142,"HP Stream 11.6"" Laptop, Windows 10 Home, Office 365 Personal 1-year subscription included, Intel Celeron N3060 Processor, 4GB RAM, 32GB eMMC Storage",HP,11.6 in,4 GB,32 GB,Intel Celeron,1.6 Hz,Windows 10,10 h,Stream Intel Celeron N3060,"HP 14 Inch Stream Laptop, Intel Celeron N3060 Processor, 4GB RAM, 32GB eMMC, 1-year Office 365 Personal included, HDMI",HP,14 in,4 GB,32 GB,Intel,1.6 GHz,Windows 10,,Stream Intel Celeron N3060
35,2,1044,"HP Stream 11.6"" Laptop, Windows 10 Home, Office 365 Personal 1-year subscription included, Intel Celeron N3060 Processor, 4GB RAM, 32GB eMMC Storage",HP,11.6 in,4 GB,32 GB,Intel Celeron,1.6 Hz,Windows 10,10 h,Stream Intel Celeron N3060,"HP 14 Inch Stream Laptop, Intel Celeron N3060 Processor, 4GB RAM, 32GB eMMC, 1-year Office 365 Personal included, HDMI",HP,14 in,4 GB,32 GB,Intel,1.6 GHz,Windows 10,,Stream Intel Celeron N3060
36,457,164,"HP Stream 11.6"" Laptop, Windows 10 Home, Office 365 Personal 1-year subscription included, Intel Celeron N3060 Processor, 4GB RAM, 32GB eMMC Storage",HP,11.6 in,4 GB,32 GB,Intel Celeron,"1.60 GHz, with a Max Turbo Speed of 2.48 GHz",Windows 10,10 hours,Stream Intel Celeron N3060,"HP 14 Inch Stream Laptop, Intel Celeron N3060 Processor, 4GB RAM, 32GB eMMC, 1-year Office 365 Personal included, HDMI",HP,14 in,4 GB,32 GB,Intel,1.6 GHz,Windows 10,,Stream Intel Celeron N3060
37,2,98,"HP Stream 11.6"" Laptop, Windows 10 Home, Office 365 Personal 1-year subscription included, Intel Celeron N3060 Processor, 4GB RAM, 32GB eMMC Storage",HP,11.6 in,4 GB,32 GB,Intel Celeron,1.6 Hz,Windows 10,10 h,Stream Intel Celeron N3060,"HP 14 Inch Stream Laptop, Intel Celeron N3060 Processor, 4GB RAM, 32GB eMMC, 1-year Office 365 Personal included, HDMI",HP,14 in,4 GB,32 GB,Intel,1.6 GHz,Windows 10,,Stream Intel Celeron N3060
38,457,142,"HP Stream 11.6"" Laptop, Windows 10 Home, Office 365 Personal 1-year subscription included, Intel Celeron N3060 Processor, 4GB RAM, 32GB eMMC Storage",HP,11.6 in,4 GB,32 GB,Intel Celeron,"1.60 GHz, with a Max Turbo Speed of 2.48 GHz",Windows 10,10 hours,Stream Intel Celeron N3060,"HP 14 Inch Stream Laptop, Intel Celeron N3060 Processor, 4GB RAM, 32GB eMMC, 1-year Office 365 Personal included, HDMI",HP,14 in,4 GB,32 GB,Intel,1.6 GHz,Windows 10,,Stream Intel Celeron N3060
39,2,120,"HP Stream 11.6"" Laptop, Windows 10 Home, Office 365 Personal 1-year subscription included, Intel Celeron N3060 Processor, 4GB RAM, 32GB eMMC Storage",HP,11.6 in,4 GB,32 GB,Intel Celeron,1.6 Hz,Windows 10,10 h,Stream Intel Celeron N3060,"HP 14 Inch Stream Laptop, Intel Celeron N3060 Processor, 4GB RAM, 32GB eMMC, 1-year Office 365 Personal included, HDMI",HP,14 in,4 GB,32 GB,Intel,1.6 GHz,Windows 10,,Stream Intel Celeron N3060
40,2,516,"HP Stream 11.6"" Laptop, Windows 10 Home, Office 365 Personal 1-year subscription included, Intel Celeron N3060 Processor, 4GB RAM, 32GB eMMC Storage",HP,11.6 in,4 GB,32 GB,Intel Celeron,1.6 Hz,Windows 10,10 h,Stream Intel Celeron N3060,"HP 14 Inch Stream Laptop, Intel Celeron N3060 Processor, 4GB RAM, 32GB eMMC, 1-year Office 365 Personal included, HDMI",HP,14 in,4 GB,32 GB,Intel,1.6 GHz,Windows 10,,Stream Intel Celeron N3060
41,2,164,"HP Stream 11.6"" Laptop, Windows 10 Home, Office 365 Personal 1-year subscription included, Intel Celeron N3060 Processor, 4GB RAM, 32GB eMMC Storage",HP,11.6 in,4 GB,32 GB,Intel Celeron,1.6 Hz,Windows 10,10 h,Stream Intel Celeron N3060,"HP 14 Inch Stream Laptop, Intel Celeron N3060 Processor, 4GB RAM, 32GB eMMC, 1-year Office 365 Personal included, HDMI",HP,14 in,4 GB,32 GB,Intel,1.6 GHz,Windows 10,,Stream Intel Celeron N3060
42,457,1132,"HP Stream 11.6"" Laptop, Windows 10 Home, Office 365 Personal 1-year subscription included, Intel Celeron N3060 Processor, 4GB RAM, 32GB eMMC Storage",HP,11.6 in,4 GB,32 GB,Intel Celeron,"1.60 GHz, with a Max Turbo Speed of 2.48 GHz",Windows 10,10 hours,Stream Intel Celeron N3060,"HP 14 Inch Stream Laptop, Intel Celeron N3060 Processor, 4GB RAM, 32GB eMMC, 1-year Office 365 Personal included, HDMI",HP,14 in,4 GB,32 GB,Intel,1.6 GHz,Windows 10,,Stream Intel Celeron N3060
43,457,494,"HP Stream 11.6"" Laptop, Windows 10 Home, Office 365 Personal 1-year subscription included, Intel Celeron N3060 Processor, 4GB RAM, 32GB eMMC Storage",HP,11.6 in,4 GB,32 GB,Intel Celeron,"1.60 GHz, with a Max Turbo Speed of 2.48 GHz",Windows 10,10 hours,Stream Intel Celeron N3060,"HP 14 Inch Stream Laptop, Intel Celeron N3060 Processor, 4GB RAM, 32GB eMMC, 1-year Office 365 Personal included, HDMI",HP,14 in,4 GB,32 GB,Intel,1.6 GHz,Windows 10,,Stream Intel Celeron N3060
44,2,604,"HP Stream 11.6"" Laptop, Windows 10 Home, Office 365 Personal 1-year subscription included, Intel Celeron N3060 Processor, 4GB RAM, 32GB eMMC Storage",HP,11.6 in,4 GB,32 GB,Intel Celeron,1.6 Hz,Windows 10,10 h,Stream Intel Celeron N3060,"HP 14 Inch Stream Laptop, Intel Celeron N3060 Processor, 4GB RAM, 32GB eMMC, 1-year Office 365 Personal included, HDMI",HP,14 in,4 GB,32 GB,Intel,1.6 GHz,Windows 10,,Stream Intel Celeron N3060
45,457,76,"HP Stream 11.6"" Laptop, Windows 10 Home, Office 365 Personal 1-year subscription included, Intel Celeron N3060 Processor, 4GB RAM, 32GB eMMC Storage",HP,11.6 in,4 GB,32 GB,Intel Celeron,"1.60 GHz, with a Max Turbo Speed of 2.48 GHz",Windows 10,10 hours,Stream Intel Celeron N3060,"HP 14 Inch Stream Laptop, Intel Celeron N3060 Processor, 4GB RAM, 32GB eMMC, 1-year Office 365 Personal included, HDMI",HP,14 in,4 GB,32 GB,Intel,1.6 GHz,Windows 10,,Stream Intel Celeron N3060
46,457,340,"HP Stream 11.6"" Laptop, Windows 10 Home, Office 365 Personal 1-year subscription included, Intel Celeron N3060 Processor, 4GB RAM, 32GB eMMC Storage",HP,11.6 in,4 GB,32 GB,Intel Celeron,"1.60 GHz, with a Max Turbo Speed of 2.48 GHz",Windows 10,10 hours,Stream Intel Celeron N3060,"HP 14 Inch Stream Laptop, Intel Celeron N3060 Processor, 4GB RAM, 32GB eMMC, 1-year Office 365 Personal included, HDMI",HP,14 in,4 GB,32 GB,Intel,1.6 GHz,Windows 10,,Stream Intel Celeron N3060
47,457,384,"HP Stream 11.6"" Laptop, Windows 10 Home, Office 365 Personal 1-year subscription included, Intel Celeron N3060 Processor, 4GB RAM, 32GB eMMC Storage",HP,11.6 in,4 GB,32 GB,Intel Celeron,"1.60 GHz, with a Max Turbo Speed of 2.48 GHz",Windows 10,10 hours,Stream Intel Celeron N3060,"HP 14 Inch Stream Laptop, Intel Celeron N3060 Processor, 4GB RAM, 32GB eMMC, 1-year Office 365 Personal included, HDMI",HP,14 in,4 GB,32 GB,Intel,1.6 GHz,Windows 10,,Stream Intel Celeron N3060
48,457,186,"HP Stream 11.6"" Laptop, Windows 10 Home, Office 365 Personal 1-year subscription included, Intel Celeron N3060 Processor, 4GB RAM, 32GB eMMC Storage",HP,11.6 in,4 GB,32 GB,Intel Celeron,"1.60 GHz, with a Max Turbo Speed of 2.48 GHz",Windows 10,10 hours,Stream Intel Celeron N3060,"HP 14 Inch Stream Laptop, Intel Celeron N3060 Processor, 4GB RAM, 32GB eMMC, 1-year Office 365 Personal included, HDMI",HP,14 in,4 GB,32 GB,Intel,1.6 GHz,Windows 10,,Stream Intel Celeron N3060
49,457,736,"HP Stream 11.6"" Laptop, Windows 10 Home, Office 365 Personal 1-year subscription included, Intel Celeron N3060 Processor, 4GB RAM, 32GB eMMC Storage",HP,11.6 in,4 GB,32 GB,Intel Celeron,"1.60 GHz, with a Max Turbo Speed of 2.48 GHz",Windows 10,10 hours,Stream Intel Celeron N3060,"HP 14 Inch Stream Laptop, Intel Celeron N3060 Processor, 4GB RAM, 32GB eMMC, 1-year Office 365 Personal included, HDMI",HP,14 in,4 GB,32 GB,Intel,1.6 GHz,Windows 10,,Stream Intel Celeron N3060
50,457,714,"HP Stream 11.6"" Laptop, Windows 10 Home, Office 365 Personal 1-year subscription included, Intel Celeron N3060 Processor, 4GB RAM, 32GB eMMC Storage",HP,11.6 in,4 GB,32 GB,Intel Celeron,"1.60 GHz, with a Max Turbo Speed of 2.48 GHz",Windows 10,10 hours,Stream Intel Celeron N3060,"HP 14 Inch Stream Laptop, Intel Celeron N3060 Processor, 4GB RAM, 32GB eMMC, 1-year Office 365 Personal included, HDMI",HP,14 in,4 GB,32 GB,Intel,1.6 GHz,Windows 10,,Stream Intel Celeron N3060
51,457,890,"HP Stream 11.6"" Laptop, Windows 10 Home, Office 365 Personal 1-year subscription included, Intel Celeron N3060 Processor, 4GB RAM, 32GB eMMC Storage",HP,11.6 in,4 GB,32 GB,Intel Celeron,"1.60 GHz, with a Max Turbo Speed of 2.48 GHz",Windows 10,10 hours,Stream Intel Celeron N3060,"HP 14 Inch Stream Laptop, Intel Celeron N3060 Processor, 4GB RAM, 32GB eMMC, 1-year Office 365 Personal included, HDMI",HP,14 in,4 GB,32 GB,Intel,1.6 GHz,Windows 10,,Stream Intel Celeron N3060
52,457,252,"HP Stream 11.6"" Laptop, Windows 10 Home, Office 365 Personal 1-year subscription included, Intel Celeron N3060 Processor, 4GB RAM, 32GB eMMC Storage",HP,11.6 in,4 GB,32 GB,Intel Celeron,"1.60 GHz, with a Max Turbo Speed of 2.48 GHz",Windows 10,10 hours,Stream Intel Celeron N3060,"HP 14 Inch Stream Laptop, Intel Celeron N3060 Processor, 4GB RAM, 32GB eMMC, 1-year Office 365 Personal included, HDMI",HP,14 in,4 GB,32 GB,Intel,1.6 GHz,Windows 10,,Stream Intel Celeron N3060
53,457,670,"HP Stream 11.6"" Laptop, Windows 10 Home, Office 365 Personal 1-year subscription included, Intel Celeron N3060 Processor, 4GB RAM, 32GB eMMC Storage",HP,11.6 in,4 GB,32 GB,Intel Celeron,"1.60 GHz, with a Max Turbo Speed of 2.48 GHz",Windows 10,10 hours,Stream Intel Celeron N3060,"HP 14 Inch Stream Laptop, Intel Celeron N3060 Processor, 4GB RAM, 32GB eMMC, 1-year Office 365 Personal included, HDMI",HP,14 in,4 GB,32 GB,Intel,1.6 GHz,Windows 10,,Stream Intel Celeron N3060
54,457,868,"HP Stream 11.6"" Laptop, Windows 10 Home, Office 365 Personal 1-year subscription included, Intel Celeron N3060 Processor, 4GB RAM, 32GB eMMC Storage",HP,11.6 in,4 GB,32 GB,Intel Celeron,"1.60 GHz, with a Max Turbo Speed of 2.48 GHz",Windows 10,10 hours,Stream Intel Celeron N3060,"HP 14 Inch Stream Laptop, Intel Celeron N3060 Processor, 4GB RAM, 32GB eMMC, 1-year Office 365 Personal included, HDMI",HP,14 in,4 GB,32 GB,Intel,1.6 GHz,Windows 10,,Stream Intel Celeron N3060
55,2,846,"HP Stream 11.6"" Laptop, Windows 10 Home, Office 365 Personal 1-year subscription included, Intel Celeron N3060 Processor, 4GB RAM, 32GB eMMC Storage",HP,11.6 in,4 GB,32 GB,Intel Celeron,1.6 Hz,Windows 10,10 h,Stream Intel Celeron N3060,"HP 14 Inch Stream Laptop, Intel Celeron N3060 Processor, 4GB RAM, 32GB eMMC, 1-year Office 365 Personal included, HDMI",HP,14 in,4 GB,32 GB,Intel,1.6 GHz,Windows 10,,Stream Intel Celeron N3060
56,457,648,"HP Stream 11.6"" Laptop, Windows 10 Home, Office 365 Personal 1-year subscription included, Intel Celeron N3060 Processor, 4GB RAM, 32GB eMMC Storage",HP,11.6 in,4 GB,32 GB,Intel Celeron,"1.60 GHz, with a Max Turbo Speed of 2.48 GHz",Windows 10,10 hours,Stream Intel Celeron N3060,"HP 14 Inch Stream Laptop, Intel Celeron N3060 Processor, 4GB RAM, 32GB eMMC, 1-year Office 365 Personal included, HDMI",HP,14 in,4 GB,32 GB,Intel,1.6 GHz,Windows 10,,Stream Intel Celeron N3060
57,457,912,"HP Stream 11.6"" Laptop, Windows 10 Home, Office 365 Personal 1-year subscription included, Intel Celeron N3060 Processor, 4GB RAM, 32GB eMMC Storage",HP,11.6 in,4 GB,32 GB,Intel Celeron,"1.60 GHz, with a Max Turbo Speed of 2.48 GHz",Windows 10,10 hours,Stream Intel Celeron N3060,"HP 14 Inch Stream Laptop, Intel Celeron N3060 Processor, 4GB RAM, 32GB eMMC, 1-year Office 365 Personal included, HDMI",HP,14 in,4 GB,32 GB,Intel,1.6 GHz,Windows 10,,Stream Intel Celeron N3060
58,2,318,"HP Stream 11.6"" Laptop, Windows 10 Home, Office 365 Personal 1-year subscription included, Intel Celeron N3060 Processor, 4GB RAM, 32GB eMMC Storage",HP,11.6 in,4 GB,32 GB,Intel Celeron,1.6 Hz,Windows 10,10 h,Stream Intel Celeron N3060,"HP 14 Inch Stream Laptop, Intel Celeron N3060 Processor, 4GB RAM, 32GB eMMC, 1-year Office 365 Personal included, HDMI",HP,14 in,4 GB,32 GB,Intel,1.6 GHz,Windows 10,,Stream Intel Celeron N3060
59,457,516,"HP Stream 11.6"" Laptop, Windows 10 Home, Office 365 Personal 1-year subscription included, Intel Celeron N3060 Processor, 4GB RAM, 32GB eMMC Storage",HP,11.6 in,4 GB,32 GB,Intel Celeron,"1.60 GHz, with a Max Turbo Speed of 2.48 GHz",Windows 10,10 hours,Stream Intel Celeron N3060,"HP 14 Inch Stream Laptop, Intel Celeron N3060 Processor, 4GB RAM, 32GB eMMC, 1-year Office 365 Personal included, HDMI",HP,14 in,4 GB,32 GB,Intel,1.6 GHz,Windows 10,,Stream Intel Celeron N3060
60,457,1110,"HP Stream 11.6"" Laptop, Windows 10 Home, Office 365 Personal 1-year subscription included, Intel Celeron N3060 Processor, 4GB RAM, 32GB eMMC Storage",HP,11.6 in,4 GB,32 GB,Intel Celeron,"1.60 GHz, with a Max Turbo Speed of 2.48 GHz",Windows 10,10 hours,Stream Intel Celeron N3060,"HP 14 Inch Stream Laptop, Intel Celeron N3060 Processor, 4GB RAM, 32GB eMMC, 1-year Office 365 Personal included, HDMI",HP,14 in,4 GB,32 GB,Intel,1.6 GHz,Windows 10,,Stream Intel Celeron N3060
61,2,1132,"HP Stream 11.6"" Laptop, Windows 10 Home, Office 365 Personal 1-year subscription included, Intel Celeron N3060 Processor, 4GB RAM, 32GB eMMC Storage",HP,11.6 in,4 GB,32 GB,Intel Celeron,1.6 Hz,Windows 10,10 h,Stream Intel Celeron N3060,"HP 14 Inch Stream Laptop, Intel Celeron N3060 Processor, 4GB RAM, 32GB eMMC, 1-year Office 365 Personal included, HDMI",HP,14 in,4 GB,32 GB,Intel,1.6 GHz,Windows 10,,Stream Intel Celeron N3060
62,457,274,"HP Stream 11.6"" Laptop, Windows 10 Home, Office 365 Personal 1-year subscription included, Intel Celeron N3060 Processor, 4GB RAM, 32GB eMMC Storage",HP,11.6 in,4 GB,32 GB,Intel Celeron,"1.60 GHz, with a Max Turbo Speed of 2.48 GHz",Windows 10,10 hours,Stream Intel Celeron N3060,"HP 14 Inch Stream Laptop, Intel Celeron N3060 Processor, 4GB RAM, 32GB eMMC, 1-year Office 365 Personal included, HDMI",HP,14 in,4 GB,32 GB,Intel,1.6 GHz,Windows 10,,Stream Intel Celeron N3060
63,457,934,"HP Stream 11.6"" Laptop, Windows 10 Home, Office 365 Personal 1-year subscription included, Intel Celeron N3060 Processor, 4GB RAM, 32GB eMMC Storage",HP,11.6 in,4 GB,32 GB,Intel Celeron,"1.60 GHz, with a Max Turbo Speed of 2.48 GHz",Windows 10,10 hours,Stream Intel Celeron N3060,"HP 14 Inch Stream Laptop, Intel Celeron N3060 Processor, 4GB RAM, 32GB eMMC, 1-year Office 365 Personal included, HDMI",HP,14 in,4 GB,32 GB,Intel,1.6 GHz,Windows 10,,Stream Intel Celeron N3060
64,457,406,"HP Stream 11.6"" Laptop, Windows 10 Home, Office 365 Personal 1-year subscription included, Intel Celeron N3060 Processor, 4GB RAM, 32GB eMMC Storage",HP,11.6 in,4 GB,32 GB,Intel Celeron,"1.60 GHz, with a Max Turbo Speed of 2.48 GHz",Windows 10,10 hours,Stream Intel Celeron N3060,"HP 14 Inch Stream Laptop, Intel Celeron N3060 Processor, 4GB RAM, 32GB eMMC, 1-year Office 365 Personal included, HDMI",HP,14 in,4 GB,32 GB,Intel,1.6 GHz,Windows 10,,Stream Intel Celeron N3060
65,457,120,"HP Stream 11.6"" Laptop, Windows 10 Home, Office 365 Personal 1-year subscription included, Intel Celeron N3060 Processor, 4GB RAM, 32GB eMMC Storage",HP,11.6 in,4 GB,32 GB,Intel Celeron,"1.60 GHz, with a Max Turbo Speed of 2.48 GHz",Windows 10,10 hours,Stream Intel Celeron N3060,"HP 14 Inch Stream Laptop, Intel Celeron N3060 Processor, 4GB RAM, 32GB eMMC, 1-year Office 365 Personal included, HDMI",HP,14 in,4 GB,32 GB,Intel,1.6 GHz,Windows 10,,Stream Intel Celeron N3060
66,2,340,"HP Stream 11.6"" Laptop, Windows 10 Home, Office 365 Personal 1-year subscription included, Intel Celeron N3060 Processor, 4GB RAM, 32GB eMMC Storage",HP,11.6 in,4 GB,32 GB,Intel Celeron,1.6 Hz,Windows 10,10 h,Stream Intel Celeron N3060,"HP 14 Inch Stream Laptop, Intel Celeron N3060 Processor, 4GB RAM, 32GB eMMC, 1-year Office 365 Personal included, HDMI",HP,14 in,4 GB,32 GB,Intel,1.6 GHz,Windows 10,,Stream Intel Celeron N3060
67,457,10,"HP Stream 11.6"" Laptop, Windows 10 Home, Office 365 Personal 1-year subscription included, Intel Celeron N3060 Processor, 4GB RAM, 32GB eMMC Storage",HP,11.6 in,4 GB,32 GB,Intel Celeron,"1.60 GHz, with a Max Turbo Speed of 2.48 GHz",Windows 10,10 hours,Stream Intel Celeron N3060,"HP 14 Inch Stream Laptop, Intel Celeron N3060 Processor, 4GB RAM, 32GB eMMC, 1-year Office 365 Personal included, HDMI",HP,14 in,4 GB,32 GB,Intel,1.6 GHz,Windows 10,,Stream Intel Celeron N3060
68,2,868,"HP Stream 11.6"" Laptop, Windows 10 Home, Office 365 Personal 1-year subscription included, Intel Celeron N3060 Processor, 4GB RAM, 32GB eMMC Storage",HP,11.6 in,4 GB,32 GB,Intel Celeron,1.6 Hz,Windows 10,10 h,Stream Intel Celeron N3060,"HP 14 Inch Stream Laptop, Intel Celeron N3060 Processor, 4GB RAM, 32GB eMMC, 1-year Office 365 Personal included, HDMI",HP,14 in,4 GB,32 GB,Intel,1.6 GHz,Windows 10,,Stream Intel Celeron N3060
69,457,758,"HP Stream 11.6"" Laptop, Windows 10 Home, Office 365 Personal 1-year subscription included, Intel Celeron N3060 Processor, 4GB RAM, 32GB eMMC Storage",HP,11.6 in,4 GB,32 GB,Intel Celeron,"1.60 GHz, with a Max Turbo Speed of 2.48 GHz",Windows 10,10 hours,Stream Intel Celeron N3060,"HP 14 Inch Stream Laptop, Intel Celeron N3060 Processor, 4GB RAM, 32GB eMMC, 1-year Office 365 Personal included, HDMI",HP,14 in,4 GB,32 GB,Intel,1.6 GHz,Windows 10,,Stream Intel Celeron N3060
70,457,450,"HP Stream 11.6"" Laptop, Windows 10 Home, Office 365 Personal 1-year subscription included, Intel Celeron N3060 Processor, 4GB RAM, 32GB eMMC Storage",HP,11.6 in,4 GB,32 GB,Intel Celeron,"1.60 GHz, with a Max Turbo Speed of 2.48 GHz",Windows 10,10 hours,Stream Intel Celeron N3060,"HP 14 Inch Stream Laptop, Intel Celeron N3060 Processor, 4GB RAM, 32GB eMMC, 1-year Office 365 Personal included, HDMI",HP,14 in,4 GB,32 GB,Intel,1.6 GHz,Windows 10,,Stream Intel Celeron N3060
71,2,208,"HP Stream 11.6"" Laptop, Windows 10 Home, Office 365 Personal 1-year subscription included, Intel Celeron N3060 Processor, 4GB RAM, 32GB eMMC Storage",HP,11.6 in,4 GB,32 GB,Intel Celeron,1.6 Hz,Windows 10,10 h,Stream Intel Celeron N3060,"HP 14 Inch Stream Laptop, Intel Celeron N3060 Processor, 4GB RAM, 32GB eMMC, 1-year Office 365 Personal included, HDMI",HP,14 in,4 GB,32 GB,Intel,1.6 GHz,Windows 10,,Stream Intel Celeron N3060
72,457,780,"HP Stream 11.6"" Laptop, Windows 10 Home, Office 365 Personal 1-year subscription included, Intel Celeron N3060 Processor, 4GB RAM, 32GB eMMC Storage",HP,11.6 in,4 GB,32 GB,Intel Celeron,"1.60 GHz, with a Max Turbo Speed of 2.48 GHz",Windows 10,10 hours,Stream Intel Celeron N3060,"HP 14 Inch Stream Laptop, Intel Celeron N3060 Processor, 4GB RAM, 32GB eMMC, 1-year Office 365 Personal included, HDMI",HP,14 in,4 GB,32 GB,Intel,1.6 GHz,Windows 10,,Stream Intel Celeron N3060
73,457,230,"HP Stream 11.6"" Laptop, Windows 10 Home, Office 365 Personal 1-year subscription included, Intel Celeron N3060 Processor, 4GB RAM, 32GB eMMC Storage",HP,11.6 in,4 GB,32 GB,Intel Celeron,"1.60 GHz, with a Max Turbo Speed of 2.48 GHz",Windows 10,10 hours,Stream Intel Celeron N3060,"HP 14 Inch Stream Laptop, Intel Celeron N3060 Processor, 4GB RAM, 32GB eMMC, 1-year Office 365 Personal included, HDMI",HP,14 in,4 GB,32 GB,Intel,1.6 GHz,Windows 10,,Stream Intel Celeron N3060
74,457,54,"HP Stream 11.6"" Laptop, Windows 10 Home, Office 365 Personal 1-year subscription included, Intel Celeron N3060 Processor, 4GB RAM, 32GB eMMC Storage",HP,11.6 in,4 GB,32 GB,Intel Celeron,"1.60 GHz, with a Max Turbo Speed of 2.48 GHz",Windows 10,10 hours,Stream Intel Celeron N3060,"HP 14 Inch Stream Laptop, Intel Celeron N3060 Processor, 4GB RAM, 32GB eMMC, 1-year Office 365 Personal included, HDMI",HP,14 in,4 GB,32 GB,Intel,1.6 GHz,Windows 10,,Stream Intel Celeron N3060
75,2,978,"HP Stream 11.6"" Laptop, Windows 10 Home, Office 365 Personal 1-year subscription included, Intel Celeron N3060 Processor, 4GB RAM, 32GB eMMC Storage",HP,11.6 in,4 GB,32 GB,Intel Celeron,1.6 Hz,Windows 10,10 h,Stream Intel Celeron N3060,"HP 14 Inch Stream Laptop, Intel Celeron N3060 Processor, 4GB RAM, 32GB eMMC, 1-year Office 365 Personal included, HDMI",HP,14 in,4 GB,32 GB,Intel,1.6 GHz,Windows 10,,Stream Intel Celeron N3060
76,457,1044,"HP Stream 11.6"" Laptop, Windows 10 Home, Office 365 Personal 1-year subscription included, Intel Celeron N3060 Processor, 4GB RAM, 32GB eMMC Storage",HP,11.6 in,4 GB,32 GB,Intel Celeron,"1.60 GHz, with a Max Turbo Speed of 2.48 GHz",Windows 10,10 hours,Stream Intel Celeron N3060,"HP 14 Inch Stream Laptop, Intel Celeron N3060 Processor, 4GB RAM, 32GB eMMC, 1-year Office 365 Personal included, HDMI",HP,14 in,4 GB,32 GB,Intel,1.6 GHz,Windows 10,,Stream Intel Celeron N3060
77,2,186,"HP Stream 11.6"" Laptop, Windows 10 Home, Office 365 Personal 1-year subscription included, Intel Celeron N3060 Processor, 4GB RAM, 32GB eMMC Storage",HP,11.6 in,4 GB,32 GB,Intel Celeron,1.6 Hz,Windows 10,10 h,Stream Intel Celeron N3060,"HP 14 Inch Stream Laptop, Intel Celeron N3060 Processor, 4GB RAM, 32GB eMMC, 1-year Office 365 Personal included, HDMI",HP,14 in,4 GB,32 GB,Intel,1.6 GHz,Windows 10,,Stream Intel Celeron N3060
78,457,1682,"HP Stream 11.6"" Laptop, Windows 10 Home, Office 365 Personal 1-year subscription included, Intel Celeron N3060 Processor, 4GB RAM, 32GB eMMC Storage",HP,11.6 in,4 GB,32 GB,Intel Celeron,"1.60 GHz, with a Max Turbo Speed of 2.48 GHz",Windows 10,10 hours,Stream Intel Celeron N3060,"HP 14 Inch Stream Laptop, Intel Celeron N3060 Processor, 4GB RAM, 32GB eMMC, 1-year Office 365 Personal included, HDMI",HP,14 in,4 GB,32 GB,Intel,1.6 GHz,Windows 10,,Stream Intel Celeron N3060
79,2,76,"HP Stream 11.6"" Laptop, Windows 10 Home, Office 365 Personal 1-year subscription included, Intel Celeron N3060 Processor, 4GB RAM, 32GB eMMC Storage",HP,11.6 in,4 GB,32 GB,Intel Celeron,1.6 Hz,Windows 10,10 h,Stream Intel Celeron N3060,"HP 14 Inch Stream Laptop, Intel Celeron N3060 Processor, 4GB RAM, 32GB eMMC, 1-year Office 365 Personal included, HDMI",HP,14 in,4 GB,32 GB,Intel,1.6 GHz,Windows 10,,Stream Intel Celeron N3060
80,457,98,"HP Stream 11.6"" Laptop, Windows 10 Home, Office 365 Personal 1-year subscription included, Intel Celeron N3060 Processor, 4GB RAM, 32GB eMMC Storage",HP,11.6 in,4 GB,32 GB,Intel Celeron,"1.60 GHz, with a Max Turbo Speed of 2.48 GHz",Windows 10,10 hours,Stream Intel Celeron N3060,"HP 14 Inch Stream Laptop, Intel Celeron N3060 Processor, 4GB RAM, 32GB eMMC, 1-year Office 365 Personal included, HDMI",HP,14 in,4 GB,32 GB,Intel,1.6 GHz,Windows 10,,Stream Intel Celeron N3060
81,2,956,"HP Stream 11.6"" Laptop, Windows 10 Home, Office 365 Personal 1-year subscription included, Intel Celeron N3060 Processor, 4GB RAM, 32GB eMMC Storage",HP,11.6 in,4 GB,32 GB,Intel Celeron,1.6 Hz,Windows 10,10 h,Stream Intel Celeron N3060,"HP 14 Inch Stream Laptop, Intel Celeron N3060 Processor, 4GB RAM, 32GB eMMC, 1-year Office 365 Personal included, HDMI",HP,14 in,4 GB,32 GB,Intel,1.6 GHz,Windows 10,,Stream Intel Celeron N3060
82,2,296,"HP Stream 11.6"" Laptop, Windows 10 Home, Office 365 Personal 1-year subscription included, Intel Celeron N3060 Processor, 4GB RAM, 32GB eMMC Storage",HP,11.6 in,4 GB,32 GB,Intel Celeron,1.6 Hz,Windows 10,10 h,Stream Intel Celeron N3060,"HP 14 Inch Stream Laptop, Intel Celeron N3060 Processor, 4GB RAM, 32GB eMMC, 1-year Office 365 Personal included, HDMI",HP,14 in,4 GB,32 GB,Intel,1.6 GHz,Windows 10,,Stream Intel Celeron N3060
83,457,956,"HP Stream 11.6"" Laptop, Windows 10 Home, Office 365 Personal 1-year subscription included, Intel Celeron N3060 Processor, 4GB RAM, 32GB eMMC Storage",HP,11.6 in,4 GB,32 GB,Intel Celeron,"1.60 GHz, with a Max Turbo Speed of 2.48 GHz",Windows 10,10 hours,Stream Intel Celeron N3060,"HP 14 Inch Stream Laptop, Intel Celeron N3060 Processor, 4GB RAM, 32GB eMMC, 1-year Office 365 Personal included, HDMI",HP,14 in,4 GB,32 GB,Intel,1.6 GHz,Windows 10,,Stream Intel Celeron N3060
84,2,406,"HP Stream 11.6"" Laptop, Windows 10 Home, Office 365 Personal 1-year subscription included, Intel Celeron N3060 Processor, 4GB RAM, 32GB eMMC Storage",HP,11.6 in,4 GB,32 GB,Intel Celeron,1.6 Hz,Windows 10,10 h,Stream Intel Celeron N3060,"HP 14 Inch Stream Laptop, Intel Celeron N3060 Processor, 4GB RAM, 32GB eMMC, 1-year Office 365 Personal included, HDMI",HP,14 in,4 GB,32 GB,Intel,1.6 GHz,Windows 10,,Stream Intel Celeron N3060
85,2,252,"HP Stream 11.6"" Laptop, Windows 10 Home, Office 365 Personal 1-year subscription included, Intel Celeron N3060 Processor, 4GB RAM, 32GB eMMC Storage",HP,11.6 in,4 GB,32 GB,Intel Celeron,1.6 Hz,Windows 10,10 h,Stream Intel Celeron N3060,"HP 14 Inch Stream Laptop, Intel Celeron N3060 Processor, 4GB RAM, 32GB eMMC, 1-year Office 365 Personal included, HDMI",HP,14 in,4 GB,32 GB,Intel,1.6 GHz,Windows 10,,Stream Intel Celeron N3060
86,457,692,"HP Stream 11.6"" Laptop, Windows 10 Home, Office 365 Personal 1-year subscription included, Intel Celeron N3060 Processor, 4GB RAM, 32GB eMMC Storage",HP,11.6 in,4 GB,32 GB,Intel Celeron,"1.60 GHz, with a Max Turbo Speed of 2.48 GHz",Windows 10,10 hours,Stream Intel Celeron N3060,"HP 14 Inch Stream Laptop, Intel Celeron N3060 Processor, 4GB RAM, 32GB eMMC, 1-year Office 365 Personal included, HDMI",HP,14 in,4 GB,32 GB,Intel,1.6 GHz,Windows 10,,Stream Intel Celeron N3060
87,2,428,"HP Stream 11.6"" Laptop, Windows 10 Home, Office 365 Personal 1-year subscription included, Intel Celeron N3060 Processor, 4GB RAM, 32GB eMMC Storage",HP,11.6 in,4 GB,32 GB,Intel Celeron,1.6 Hz,Windows 10,10 h,Stream Intel Celeron N3060,"HP 14 Inch Stream Laptop, Intel Celeron N3060 Processor, 4GB RAM, 32GB eMMC, 1-year Office 365 Personal included, HDMI",HP,14 in,4 GB,32 GB,Intel,1.6 GHz,Windows 10,,Stream Intel Celeron N3060
88,2,274,"HP Stream 11.6"" Laptop, Windows 10 Home, Office 365 Personal 1-year subscription included, Intel Celeron N3060 Processor, 4GB RAM, 32GB eMMC Storage",HP,11.6 in,4 GB,32 GB,Intel Celeron,1.6 Hz,Windows 10,10 h,Stream Intel Celeron N3060,"HP 14 Inch Stream Laptop, Intel Celeron N3060 Processor, 4GB RAM, 32GB eMMC, 1-year Office 365 Personal included, HDMI",HP,14 in,4 GB,32 GB,Intel,1.6 GHz,Windows 10,,Stream Intel Celeron N3060
89,457,428,"HP Stream 11.6"" Laptop, Windows 10 Home, Office 365 Personal 1-year subscription included, Intel Celeron N3060 Processor, 4GB RAM, 32GB eMMC Storage",HP,11.6 in,4 GB,32 GB,Intel Celeron,"1.60 GHz, with a Max Turbo Speed of 2.48 GHz",Windows 10,10 hours,Stream Intel Celeron N3060,"HP 14 Inch Stream Laptop, Intel Celeron N3060 Processor, 4GB RAM, 32GB eMMC, 1-year Office 365 Personal included, HDMI",HP,14 in,4 GB,32 GB,Intel,1.6 GHz,Windows 10,,Stream Intel Celeron N3060
90,2,648,"HP Stream 11.6"" Laptop, Windows 10 Home, Office 365 Personal 1-year subscription included, Intel Celeron N3060 Processor, 4GB RAM, 32GB eMMC Storage",HP,11.6 in,4 GB,32 GB,Intel Celeron,1.6 Hz,Windows 10,10 h,Stream Intel Celeron N3060,"HP 14 Inch Stream Laptop, Intel Celeron N3060 Processor, 4GB RAM, 32GB eMMC, 1-year Office 365 Personal included, HDMI",HP,14 in,4 GB,32 GB,Intel,1.6 GHz,Windows 10,,Stream Intel Celeron N3060
91,457,604,"HP Stream 11.6"" Laptop, Windows 10 Home, Office 365 Personal 1-year subscription included, Intel Celeron N3060 Processor, 4GB RAM, 32GB eMMC Storage",HP,11.6 in,4 GB,32 GB,Intel Celeron,"1.60 GHz, with a Max Turbo Speed of 2.48 GHz",Windows 10,10 hours,Stream Intel Celeron N3060,"HP 14 Inch Stream Laptop, Intel Celeron N3060 Processor, 4GB RAM, 32GB eMMC, 1-year Office 365 Personal included, HDMI",HP,14 in,4 GB,32 GB,Intel,1.6 GHz,Windows 10,,Stream Intel Celeron N3060
92,2,362,"HP Stream 11.6"" Laptop, Windows 10 Home, Office 365 Personal 1-year subscription included, Intel Celeron N3060 Processor, 4GB RAM, 32GB eMMC Storage",HP,11.6 in,4 GB,32 GB,Intel Celeron,1.6 Hz,Windows 10,10 h,Stream Intel Celeron N3060,"HP 14 Inch Stream Laptop, Intel Celeron N3060 Processor, 4GB RAM, 32GB eMMC, 1-year Office 365 Personal included, HDMI",HP,14 in,4 GB,32 GB,Intel,1.6 GHz,Windows 10,,Stream Intel Celeron N3060
93,2,758,"HP Stream 11.6"" Laptop, Windows 10 Home, Office 365 Personal 1-year subscription included, Intel Celeron N3060 Processor, 4GB RAM, 32GB eMMC Storage",HP,11.6 in,4 GB,32 GB,Intel Celeron,1.6 Hz,Windows 10,10 h,Stream Intel Celeron N3060,"HP 14 Inch Stream Laptop, Intel Celeron N3060 Processor, 4GB RAM, 32GB eMMC, 1-year Office 365 Personal included, HDMI",HP,14 in,4 GB,32 GB,Intel,1.6 GHz,Windows 10,,Stream Intel Celeron N3060
94,2,32,"HP Stream 11.6"" Laptop, Windows 10 Home, Office 365 Personal 1-year subscription included, Intel Celeron N3060 Processor, 4GB RAM, 32GB eMMC Storage",HP,11.6 in,4 GB,32 GB,Intel Celeron,1.6 Hz,Windows 10,10 h,Stream Intel Celeron N3060,"HP 14 Inch Stream Laptop, Intel Celeron N3060 Processor, 4GB RAM, 32GB eMMC, 1-year Office 365 Personal included, HDMI",HP,14 in,4 GB,32 GB,Intel,1.6 GHz,Windows 10,,Stream Intel Celeron N3060
95,2,1000,"HP Stream 11.6"" Laptop, Windows 10 Home, Office 365 Personal 1-year subscription included, Intel Celeron N3060 Processor, 4GB RAM, 32GB eMMC Storage",HP,11.6 in,4 GB,32 GB,Intel Celeron,1.6 Hz,Windows 10,10 h,Stream Intel Celeron N3060,"HP 14 Inch Stream Laptop, Intel Celeron N3060 Processor, 4GB RAM, 32GB eMMC, 1-year Office 365 Personal included, HDMI",HP,14 in,4 GB,32 GB,Intel,1.6 GHz,Windows 10,,Stream Intel Celeron N3060
96,2,582,"HP Stream 11.6"" Laptop, Windows 10 Home, Office 365 Personal 1-year subscription included, Intel Celeron N3060 Processor, 4GB RAM, 32GB eMMC Storage",HP,11.6 in,4 GB,32 GB,Intel Celeron,1.6 Hz,Windows 10,10 h,Stream Intel Celeron N3060,"HP 14 Inch Stream Laptop, Intel Celeron N3060 Processor, 4GB RAM, 32GB eMMC, 1-year Office 365 Personal included, HDMI",HP,14 in,4 GB,32 GB,Intel,1.6 GHz,Windows 10,,Stream Intel Celeron N3060
97,2,714,"HP Stream 11.6"" Laptop, Windows 10 Home, Office 365 Personal 1-year subscription included, Intel Celeron N3060 Processor, 4GB RAM, 32GB eMMC Storage",HP,11.6 in,4 GB,32 GB,Intel Celeron,1.6 Hz,Windows 10,10 h,Stream Intel Celeron N3060,"HP 14 Inch Stream Laptop, Intel Celeron N3060 Processor, 4GB RAM, 32GB eMMC, 1-year Office 365 Personal included, HDMI",HP,14 in,4 GB,32 GB,Intel,1.6 GHz,Windows 10,,Stream Intel Celeron N3060
98,2,54,"HP Stream 11.6"" Laptop, Windows 10 Home, Office 365 Personal 1-year subscription included, Intel Celeron N3060 Processor, 4GB RAM, 32GB eMMC Storage",HP,11.6 in,4 GB,32 GB,Intel Celeron,1.6 Hz,Windows 10,10 h,Stream Intel Celeron N3060,"HP 14 Inch Stream Laptop, Intel Celeron N3060 Processor, 4GB RAM, 32GB eMMC, 1-year Office 365 Personal included, HDMI",HP,14 in,4 GB,32 GB,Intel,1.6 GHz,Windows 10,,Stream Intel Celeron N3060
99,2,670,"HP Stream 11.6"" Laptop, Windows 10 Home, Office 365 Personal 1-year subscription included, Intel Celeron N3060 Processor, 4GB RAM, 32GB eMMC Storage",HP,11.6 in,4 GB,32 GB,Intel Celeron,1.6 Hz,Windows 10,10 h,Stream Intel Celeron N3060,"HP 14 Inch Stream Laptop, Intel Celeron N3060 Processor, 4GB RAM, 32GB eMMC, 1-year Office 365 Personal included, HDMI",HP,14 in,4 GB,32 GB,Intel,1.6 GHz,Windows 10,,Stream Intel Celeron N3060
100,457,802,"HP Stream 11.6"" Laptop, Windows 10 Home, Office 365 Personal 1-year subscription included, Intel Celeron N3060 Processor, 4GB RAM, 32GB eMMC Storage",HP,11.6 in,4 GB,32 GB,Intel Celeron,"1.60 GHz, with a Max Turbo Speed of 2.48 GHz",Windows 10,10 hours,Stream Intel Celeron N3060,"HP 14 Inch Stream Laptop, Intel Celeron N3060 Processor, 4GB RAM, 32GB eMMC, 1-year Office 365 Personal included, HDMI",HP,14 in,4 GB,32 GB,Intel,1.6 GHz,Windows 10,,Stream Intel Celeron N3060
101,457,582,"HP Stream 11.6"" Laptop, Windows 10 Home, Office 365 Personal 1-year subscription included, Intel Celeron N3060 Processor, 4GB RAM, 32GB eMMC Storage",HP,11.6 in,4 GB,32 GB,Intel Celeron,"1.60 GHz, with a Max Turbo Speed of 2.48 GHz",Windows 10,10 hours,Stream Intel Celeron N3060,"HP 14 Inch Stream Laptop, Intel Celeron N3060 Processor, 4GB RAM, 32GB eMMC, 1-year Office 365 Personal included, HDMI",HP,14 in,4 GB,32 GB,Intel,1.6 GHz,Windows 10,,Stream Intel Celeron N3060
102,457,626,"HP Stream 11.6"" Laptop, Windows 10 Home, Office 365 Personal 1-year subscription included, Intel Celeron N3060 Processor, 4GB RAM, 32GB eMMC Storage",HP,11.6 in,4 GB,32 GB,Intel Celeron,"1.60 GHz, with a Max Turbo Speed of 2.48 GHz",Windows 10,10 hours,Stream Intel Celeron N3060,"HP 14 Inch Stream Laptop, Intel Celeron N3060 Processor, 4GB RAM, 32GB eMMC, 1-year Office 365 Personal included, HDMI",HP,14 in,4 GB,32 GB,Intel,1.6 GHz,Windows 10,,Stream Intel Celeron N3060
103,457,362,"HP Stream 11.6"" Laptop, Windows 10 Home, Office 365 Personal 1-year subscription included, Intel Celeron N3060 Processor, 4GB RAM, 32GB eMMC Storage",HP,11.6 in,4 GB,32 GB,Intel Celeron,"1.60 GHz, with a Max Turbo Speed of 2.48 GHz",Windows 10,10 hours,Stream Intel Celeron N3060,"HP 14 Inch Stream Laptop, Intel Celeron N3060 Processor, 4GB RAM, 32GB eMMC, 1-year Office 365 Personal included, HDMI",HP,14 in,4 GB,32 GB,Intel,1.6 GHz,Windows 10,,Stream Intel Celeron N3060
104,2,538,"HP Stream 11.6"" Laptop, Windows 10 Home, Office 365 Personal 1-year subscription included, Intel Celeron N3060 Processor, 4GB RAM, 32GB eMMC Storage",HP,11.6 in,4 GB,32 GB,Intel Celeron,1.6 Hz,Windows 10,10 h,Stream Intel Celeron N3060,"HP 14 Inch Stream Laptop, Intel Celeron N3060 Processor, 4GB RAM, 32GB eMMC, 1-year Office 365 Personal included, HDMI",HP,14 in,4 GB,32 GB,Intel,1.6 GHz,Windows 10,,Stream Intel Celeron N3060
105,2,912,"HP Stream 11.6"" Laptop, Windows 10 Home, Office 365 Personal 1-year subscription included, Intel Celeron N3060 Processor, 4GB RAM, 32GB eMMC Storage",HP,11.6 in,4 GB,32 GB,Intel Celeron,1.6 Hz,Windows 10,10 h,Stream Intel Celeron N3060,"HP 14 Inch Stream Laptop, Intel Celeron N3060 Processor, 4GB RAM, 32GB eMMC, 1-year Office 365 Personal included, HDMI",HP,14 in,4 GB,32 GB,Intel,1.6 GHz,Windows 10,,Stream Intel Celeron N3060
106,2,736,"HP Stream 11.6"" Laptop, Windows 10 Home, Office 365 Personal 1-year subscription included, Intel Celeron N3060 Processor, 4GB RAM, 32GB eMMC Storage",HP,11.6 in,4 GB,32 GB,Intel Celeron,1.6 Hz,Windows 10,10 h,Stream Intel Celeron N3060,"HP 14 Inch Stream Laptop, Intel Celeron N3060 Processor, 4GB RAM, 32GB eMMC, 1-year Office 365 Personal included, HDMI",HP,14 in,4 GB,32 GB,Intel,1.6 GHz,Windows 10,,Stream Intel Celeron N3060
107,457,296,"HP Stream 11.6"" Laptop, Windows 10 Home, Office 365 Personal 1-year subscription included, Intel Celeron N3060 Processor, 4GB RAM, 32GB eMMC Storage",HP,11.6 in,4 GB,32 GB,Intel Celeron,"1.60 GHz, with a Max Turbo Speed of 2.48 GHz",Windows 10,10 hours,Stream Intel Celeron N3060,"HP 14 Inch Stream Laptop, Intel Celeron N3060 Processor, 4GB RAM, 32GB eMMC, 1-year Office 365 Personal included, HDMI",HP,14 in,4 GB,32 GB,Intel,1.6 GHz,Windows 10,,Stream Intel Celeron N3060
108,2,934,"HP Stream 11.6"" Laptop, Windows 10 Home, Office 365 Personal 1-year subscription included, Intel Celeron N3060 Processor, 4GB RAM, 32GB eMMC Storage",HP,11.6 in,4 GB,32 GB,Intel Celeron,1.6 Hz,Windows 10,10 h,Stream Intel Celeron N3060,"HP 14 Inch Stream Laptop, Intel Celeron N3060 Processor, 4GB RAM, 32GB eMMC, 1-year Office 365 Personal included, HDMI",HP,14 in,4 GB,32 GB,Intel,1.6 GHz,Windows 10,,Stream Intel Celeron N3060
109,2,1110,"HP Stream 11.6"" Laptop, Windows 10 Home, Office 365 Personal 1-year subscription included, Intel Celeron N3060 Processor, 4GB RAM, 32GB eMMC Storage",HP,11.6 in,4 GB,32 GB,Intel Celeron,1.6 Hz,Windows 10,10 h,Stream Intel Celeron N3060,"HP 14 Inch Stream Laptop, Intel Celeron N3060 Processor, 4GB RAM, 32GB eMMC, 1-year Office 365 Personal included, HDMI",HP,14 in,4 GB,32 GB,Intel,1.6 GHz,Windows 10,,Stream Intel Celeron N3060
110,2,1088,"HP Stream 11.6"" Laptop, Windows 10 Home, Office 365 Personal 1-year subscription included, Intel Celeron N3060 Processor, 4GB RAM, 32GB eMMC Storage",HP,11.6 in,4 GB,32 GB,Intel Celeron,1.6 Hz,Windows 10,10 h,Stream Intel Celeron N3060,"HP 14 Inch Stream Laptop, Intel Celeron N3060 Processor, 4GB RAM, 32GB eMMC, 1-year Office 365 Personal included, HDMI",HP,14 in,4 GB,32 GB,Intel,1.6 GHz,Windows 10,,Stream Intel Celeron N3060
111,2,890,"HP Stream 11.6"" Laptop, Windows 10 Home, Office 365 Personal 1-year subscription included, Intel Celeron N3060 Processor, 4GB RAM, 32GB eMMC Storage",HP,11.6 in,4 GB,32 GB,Intel Celeron,1.6 Hz,Windows 10,10 h,Stream Intel Celeron N3060,"HP 14 Inch Stream Laptop, Intel Celeron N3060 Processor, 4GB RAM, 32GB eMMC, 1-year Office 365 Personal included, HDMI",HP,14 in,4 GB,32 GB,Intel,1.6 GHz,Windows 10,,Stream Intel Celeron N3060
112,457,1066,"HP Stream 11.6"" Laptop, Windows 10 Home, Office 365 Personal 1-year subscription included, Intel Celeron N3060 Processor, 4GB RAM, 32GB eMMC Storage",HP,11.6 in,4 GB,32 GB,Intel Celeron,"1.60 GHz, with a Max Turbo Speed of 2.48 GHz",Windows 10,10 hours,Stream Intel Celeron N3060,"HP 14 Inch Stream Laptop, Intel Celeron N3060 Processor, 4GB RAM, 32GB eMMC, 1-year Office 365 Personal included, HDMI",HP,14 in,4 GB,32 GB,Intel,1.6 GHz,Windows 10,,Stream Intel Celeron N3060
113,2,1066,"HP Stream 11.6"" Laptop, Windows 10 Home, Office 365 Personal 1-year subscription included, Intel Celeron N3060 Processor, 4GB RAM, 32GB eMMC Storage",HP,11.6 in,4 GB,32 GB,Intel Celeron,1.6 Hz,Windows 10,10 h,Stream Intel Celeron N3060,"HP 14 Inch Stream Laptop, Intel Celeron N3060 Processor, 4GB RAM, 32GB eMMC, 1-year Office 365 Personal included, HDMI",HP,14 in,4 GB,32 GB,Intel,1.6 GHz,Windows 10,,Stream Intel Celeron N3060
114,2,10,"HP Stream 11.6"" Laptop, Windows 10 Home, Office 365 Personal 1-year subscription included, Intel Celeron N3060 Processor, 4GB RAM, 32GB eMMC Storage",HP,11.6 in,4 GB,32 GB,Intel Celeron,1.6 Hz,Windows 10,10 h,Stream Intel Celeron N3060,"HP 14 Inch Stream Laptop, Intel Celeron N3060 Processor, 4GB RAM, 32GB eMMC, 1-year Office 365 Personal included, HDMI",HP,14 in,4 GB,32 GB,Intel,1.6 GHz,Windows 10,,Stream Intel Celeron N3060
115,457,1440,"HP Stream 11.6"" Laptop, Windows 10 Home, Office 365 Personal 1-year subscription included, Intel Celeron N3060 Processor, 4GB RAM, 32GB eMMC Storage",HP,11.6 in,4 GB,32 GB,Intel Celeron,"1.60 GHz, with a Max Turbo Speed of 2.48 GHz",Windows 10,10 hours,Stream Intel Celeron N3060,"HP 14 Inch Stream Laptop, Intel Celeron N3060 Processor, 4GB RAM, 32GB eMMC, 1-year Office 365 Personal included, HDMI",HP,14 in,4 GB,32 GB,Intel,1.6 GHz,Windows 10,,Stream Intel Celeron N3060
116,457,1462,"HP Stream 11.6"" Laptop, Windows 10 Home, Office 365 Personal 1-year subscription included, Intel Celeron N3060 Processor, 4GB RAM, 32GB eMMC Storage",HP,11.6 in,4 GB,32 GB,Intel Celeron,"1.60 GHz, with a Max Turbo Speed of 2.48 GHz",Windows 10,10 hours,Stream Intel Celeron N3060,"HP 14 Inch Stream Laptop, Intel Celeron N3060 Processor, 4GB RAM, 32GB eMMC, 1-year Office 365 Personal included, HDMI",HP,14 in,4 GB,32 GB,Intel,1.6 GHz,Windows 10,,Stream Intel Celeron N3060
117,457,1506,"HP Stream 11.6"" Laptop, Windows 10 Home, Office 365 Personal 1-year subscription included, Intel Celeron N3060 Processor, 4GB RAM, 32GB eMMC Storage",HP,11.6 in,4 GB,32 GB,Intel Celeron,"1.60 GHz, with a Max Turbo Speed of 2.48 GHz",Windows 10,10 hours,Stream Intel Celeron N3060,"HP 14 Inch Stream Laptop, Intel Celeron N3060 Processor, 4GB RAM, 32GB eMMC, 1-year Office 365 Personal included, HDMI",HP,14 in,4 GB,32 GB,Intel,1.6 GHz,Windows 10,,Stream Intel Celeron N3060
118,2,384,"HP Stream 11.6"" Laptop, Windows 10 Home, Office 365 Personal 1-year subscription included, Intel Celeron N3060 Processor, 4GB RAM, 32GB eMMC Storage",HP,11.6 in,4 GB,32 GB,Intel Celeron,1.6 Hz,Windows 10,10 h,Stream Intel Celeron N3060,"HP 14 Inch Stream Laptop, Intel Celeron N3060 Processor, 4GB RAM, 32GB eMMC, 1-year Office 365 Personal included, HDMI",HP,14 in,4 GB,32 GB,Intel,1.6 GHz,Windows 10,,Stream Intel Celeron N3060
119,457,1594,"HP Stream 11.6"" Laptop, Windows 10 Home, Office 365 Personal 1-year subscription included, Intel Celeron N3060 Processor, 4GB RAM, 32GB eMMC Storage",HP,11.6 in,4 GB,32 GB,Intel Celeron,"1.60 GHz, with a Max Turbo Speed of 2.48 GHz",Windows 10,10 hours,Stream Intel Celeron N3060,"HP 14 Inch Stream Laptop, Intel Celeron N3060 Processor, 4GB RAM, 32GB eMMC, 1-year Office 365 Personal included, HDMI",HP,14 in,4 GB,32 GB,Intel,1.6 GHz,Windows 10,,Stream Intel Celeron N3060
120,457,1484,"HP Stream 11.6"" Laptop, Windows 10 Home, Office 365 Personal 1-year subscription included, Intel Celeron N3060 Processor, 4GB RAM, 32GB eMMC Storage",HP,11.6 in,4 GB,32 GB,Intel Celeron,"1.60 GHz, with a Max Turbo Speed of 2.48 GHz",Windows 10,10 hours,Stream Intel Celeron N3060,"HP 14 Inch Stream Laptop, Intel Celeron N3060 Processor, 4GB RAM, 32GB eMMC, 1-year Office 365 Personal included, HDMI",HP,14 in,4 GB,32 GB,Intel,1.6 GHz,Windows 10,,Stream Intel Celeron N3060
121,2,1022,"HP Stream 11.6"" Laptop, Windows 10 Home, Office 365 Personal 1-year subscription included, Intel Celeron N3060 Processor, 4GB RAM, 32GB eMMC Storage",HP,11.6 in,4 GB,32 GB,Intel Celeron,1.6 Hz,Windows 10,10 h,Stream Intel Celeron N3060,"HP 14 Inch Stream Laptop, Intel Celeron N3060 Processor, 4GB RAM, 32GB eMMC, 1-year Office 365 Personal included, HDMI",HP,14 in,4 GB,32 GB,Intel,1.6 GHz,Windows 10,,Stream Intel Celeron N3060
122,2,230,"HP Stream 11.6"" Laptop, Windows 10 Home, Office 365 Personal 1-year subscription included, Intel Celeron N3060 Processor, 4GB RAM, 32GB eMMC Storage",HP,11.6 in,4 GB,32 GB,Intel Celeron,1.6 Hz,Windows 10,10 h,Stream Intel Celeron N3060,"HP 14 Inch Stream Laptop, Intel Celeron N3060 Processor, 4GB RAM, 32GB eMMC, 1-year Office 365 Personal included, HDMI",HP,14 in,4 GB,32 GB,Intel,1.6 GHz,Windows 10,,Stream Intel Celeron N3060
123,457,1418,"HP Stream 11.6"" Laptop, Windows 10 Home, Office 365 Personal 1-year subscription included, Intel Celeron N3060 Processor, 4GB RAM, 32GB eMMC Storage",HP,11.6 in,4 GB,32 GB,Intel Celeron,"1.60 GHz, with a Max Turbo Speed of 2.48 GHz",Windows 10,10 hours,Stream Intel Celeron N3060,"HP 14 Inch Stream Laptop, Intel Celeron N3060 Processor, 4GB RAM, 32GB eMMC, 1-year Office 365 Personal included, HDMI",HP,14 in,4 GB,32 GB,Intel,1.6 GHz,Windows 10,,Stream Intel Celeron N3060
124,457,1660,"HP Stream 11.6"" Laptop, Windows 10 Home, Office 365 Personal 1-year subscription included, Intel Celeron N3060 Processor, 4GB RAM, 32GB eMMC Storage",HP,11.6 in,4 GB,32 GB,Intel Celeron,"1.60 GHz, with a Max Turbo Speed of 2.48 GHz",Windows 10,10 hours,Stream Intel Celeron N3060,"HP 14 Inch Stream Laptop, Intel Celeron N3060 Processor, 4GB RAM, 32GB eMMC, 1-year Office 365 Personal included, HDMI",HP,14 in,4 GB,32 GB,Intel,1.6 GHz,Windows 10,,Stream Intel Celeron N3060
125,457,1330,"HP Stream 11.6"" Laptop, Windows 10 Home, Office 365 Personal 1-year subscription included, Intel Celeron N3060 Processor, 4GB RAM, 32GB eMMC Storage",HP,11.6 in,4 GB,32 GB,Intel Celeron,"1.60 GHz, with a Max Turbo Speed of 2.48 GHz",Windows 10,10 hours,Stream Intel Celeron N3060,"HP 14 Inch Stream Laptop, Intel Celeron N3060 Processor, 4GB RAM, 32GB eMMC, 1-year Office 365 Personal included, HDMI",HP,14 in,4 GB,32 GB,Intel,1.6 GHz,Windows 10,,Stream Intel Celeron N3060
126,2,692,"HP Stream 11.6"" Laptop, Windows 10 Home, Office 365 Personal 1-year subscription included, Intel Celeron N3060 Processor, 4GB RAM, 32GB eMMC Storage",HP,11.6 in,4 GB,32 GB,Intel Celeron,1.6 Hz,Windows 10,10 h,Stream Intel Celeron N3060,"HP 14 Inch Stream Laptop, Intel Celeron N3060 Processor, 4GB RAM, 32GB eMMC, 1-year Office 365 Personal included, HDMI",HP,14 in,4 GB,32 GB,Intel,1.6 GHz,Windows 10,,Stream Intel Celeron N3060
127,457,1374,"HP Stream 11.6"" Laptop, Windows 10 Home, Office 365 Personal 1-year subscription included, Intel Celeron N3060 Processor, 4GB RAM, 32GB eMMC Storage",HP,11.6 in,4 GB,32 GB,Intel Celeron,"1.60 GHz, with a Max Turbo Speed of 2.48 GHz",Windows 10,10 hours,Stream Intel Celeron N3060,"HP 14 Inch Stream Laptop, Intel Celeron N3060 Processor, 4GB RAM, 32GB eMMC, 1-year Office 365 Personal included, HDMI",HP,14 in,4 GB,32 GB,Intel,1.6 GHz,Windows 10,,Stream Intel Celeron N3060
128,457,1638,"HP Stream 11.6"" Laptop, Windows 10 Home, Office 365 Personal 1-year subscription included, Intel Celeron N3060 Processor, 4GB RAM, 32GB eMMC Storage",HP,11.6 in,4 GB,32 GB,Intel Celeron,"1.60 GHz, with a Max Turbo Speed of 2.48 GHz",Windows 10,10 hours,Stream Intel Celeron N3060,"HP 14 Inch Stream Laptop, Intel Celeron N3060 Processor, 4GB RAM, 32GB eMMC, 1-year Office 365 Personal included, HDMI",HP,14 in,4 GB,32 GB,Intel,1.6 GHz,Windows 10,,Stream Intel Celeron N3060
129,457,1396,"HP Stream 11.6"" Laptop, Windows 10 Home, Office 365 Personal 1-year subscription included, Intel Celeron N3060 Processor, 4GB RAM, 32GB eMMC Storage",HP,11.6 in,4 GB,32 GB,Intel Celeron,"1.60 GHz, with a Max Turbo Speed of 2.48 GHz",Windows 10,10 hours,Stream Intel Celeron N3060,"HP 14 Inch Stream Laptop, Intel Celeron N3060 Processor, 4GB RAM, 32GB eMMC, 1-year Office 365 Personal included, HDMI",HP,14 in,4 GB,32 GB,Intel,1.6 GHz,Windows 10,,Stream Intel Celeron N3060
130,2,1660,"HP Stream 11.6"" Laptop, Windows 10 Home, Office 365 Personal 1-year subscription included, Intel Celeron N3060 Processor, 4GB RAM, 32GB eMMC Storage",HP,11.6 in,4 GB,32 GB,Intel Celeron,1.6 Hz,Windows 10,10 h,Stream Intel Celeron N3060,"HP 14 Inch Stream Laptop, Intel Celeron N3060 Processor, 4GB RAM, 32GB eMMC, 1-year Office 365 Personal included, HDMI",HP,14 in,4 GB,32 GB,Intel,1.6 GHz,Windows 10,,Stream Intel Celeron N3060
131,457,1616,"HP Stream 11.6"" Laptop, Windows 10 Home, Office 365 Personal 1-year subscription included, Intel Celeron N3060 Processor, 4GB RAM, 32GB eMMC Storage",HP,11.6 in,4 GB,32 GB,Intel Celeron,"1.60 GHz, with a Max Turbo Speed of 2.48 GHz",Windows 10,10 hours,Stream Intel Celeron N3060,"HP 14 Inch Stream Laptop, Intel Celeron N3060 Processor, 4GB RAM, 32GB eMMC, 1-year Office 365 Personal included, HDMI",HP,14 in,4 GB,32 GB,Intel,1.6 GHz,Windows 10,,Stream Intel Celeron N3060
132,457,1550,"HP Stream 11.6"" Laptop, Windows 10 Home, Office 365 Personal 1-year subscription included, Intel Celeron N3060 Processor, 4GB RAM, 32GB eMMC Storage",HP,11.6 in,4 GB,32 GB,Intel Celeron,"1.60 GHz, with a Max Turbo Speed of 2.48 GHz",Windows 10,10 hours,Stream Intel Celeron N3060,"HP 14 Inch Stream Laptop, Intel Celeron N3060 Processor, 4GB RAM, 32GB eMMC, 1-year Office 365 Personal included, HDMI",HP,14 in,4 GB,32 GB,Intel,1.6 GHz,Windows 10,,Stream Intel Celeron N3060
133,457,1704,"HP Stream 11.6"" Laptop, Windows 10 Home, Office 365 Personal 1-year subscription included, Intel Celeron N3060 Processor, 4GB RAM, 32GB eMMC Storage",HP,11.6 in,4 GB,32 GB,Intel Celeron,"1.60 GHz, with a Max Turbo Speed of 2.48 GHz",Windows 10,10 hours,Stream Intel Celeron N3060,"HP 14 Inch Stream Laptop, Intel Celeron N3060 Processor, 4GB RAM, 32GB eMMC, 1-year Office 365 Personal included, HDMI",HP,14 in,4 GB,32 GB,Intel,1.6 GHz,Windows 10,,Stream Intel Celeron N3060
134,457,2363,"HP Stream 11.6"" Laptop, Windows 10 Home, Office 365 Personal 1-year subscription included, Intel Celeron N3060 Processor, 4GB RAM, 32GB eMMC Storage",HP,11.6 in,4 GB,32 GB,Intel Celeron,"1.60 GHz, with a Max Turbo Speed of 2.48 GHz",Windows 10,10 hours,Stream Intel Celeron N3060,"HP 14 Inch Stream Laptop, Intel Celeron N3060 Processor, 4GB RAM, 32GB eMMC, 1-year Office 365 Personal included, HDMI",HP,14 in,4 GB,32 GB,Intel,1.6 GHz,Windows 10,,Stream Intel Celeron N3060
135,457,1352,"HP Stream 11.6"" Laptop, Windows 10 Home, Office 365 Personal 1-year subscription included, Intel Celeron N3060 Processor, 4GB RAM, 32GB eMMC Storage",HP,11.6 in,4 GB,32 GB,Intel Celeron,"1.60 GHz, with a Max Turbo Speed of 2.48 GHz",Windows 10,10 hours,Stream Intel Celeron N3060,"HP 14 Inch Stream Laptop, Intel Celeron N3060 Processor, 4GB RAM, 32GB eMMC, 1-year Office 365 Personal included, HDMI",HP,14 in,4 GB,32 GB,Intel,1.6 GHz,Windows 10,,Stream Intel Celeron N3060
136,457,2187,"HP Stream 11.6"" Laptop, Windows 10 Home, Office 365 Personal 1-year subscription included, Intel Celeron N3060 Processor, 4GB RAM, 32GB eMMC Storage",HP,11.6 in,4 GB,32 GB,Intel Celeron,"1.60 GHz, with a Max Turbo Speed of 2.48 GHz",Windows 10,10 hours,Stream Intel Celeron N3060,"HP 14 Inch Stream Laptop, Intel Celeron N3060 Processor, 4GB RAM, 32GB eMMC, 1-year Office 365 Personal included, HDMI",HP,14 in,4 GB,32 GB,Intel,1.6 GHz,Windows 10,,Stream Intel Celeron N3060
137,457,1308,"HP Stream 11.6"" Laptop, Windows 10 Home, Office 365 Personal 1-year subscription included, Intel Celeron N3060 Processor, 4GB RAM, 32GB eMMC Storage",HP,11.6 in,4 GB,32 GB,Intel Celeron,"1.60 GHz, with a Max Turbo Speed of 2.48 GHz",Windows 10,10 hours,Stream Intel Celeron N3060,"HP 14 Inch Stream Laptop, Intel Celeron N3060 Processor, 4GB RAM, 32GB eMMC, 1-year Office 365 Personal included, HDMI",HP,14 in,4 GB,32 GB,Intel,1.6 GHz,Windows 10,,Stream Intel Celeron N3060
138,457,2209,"HP Stream 11.6"" Laptop, Windows 10 Home, Office 365 Personal 1-year subscription included, Intel Celeron N3060 Processor, 4GB RAM, 32GB eMMC Storage",HP,11.6 in,4 GB,32 GB,Intel Celeron,"1.60 GHz, with a Max Turbo Speed of 2.48 GHz",Windows 10,10 hours,Stream Intel Celeron N3060,"HP 14 Inch Stream Laptop, Intel Celeron N3060 Processor, 4GB RAM, 32GB eMMC, 1-year Office 365 Personal included, HDMI",HP,14 in,4 GB,32 GB,Intel,1.6 GHz,Windows 10,,Stream Intel Celeron N3060
139,457,2143,"HP Stream 11.6"" Laptop, Windows 10 Home, Office 365 Personal 1-year subscription included, Intel Celeron N3060 Processor, 4GB RAM, 32GB eMMC Storage",HP,11.6 in,4 GB,32 GB,Intel Celeron,"1.60 GHz, with a Max Turbo Speed of 2.48 GHz",Windows 10,10 hours,Stream Intel Celeron N3060,"HP 14 Inch Stream Laptop, Intel Celeron N3060 Processor, 4GB RAM, 32GB eMMC, 1-year Office 365 Personal included, HDMI",HP,14 in,4 GB,32 GB,Intel,1.6 GHz,Windows 10,,Stream Intel Celeron N3060
140,457,1769,"HP Stream 11.6"" Laptop, Windows 10 Home, Office 365 Personal 1-year subscription included, Intel Celeron N3060 Processor, 4GB RAM, 32GB eMMC Storage",HP,11.6 in,4 GB,32 GB,Intel Celeron,"1.60 GHz, with a Max Turbo Speed of 2.48 GHz",Windows 10,10 hours,Stream Intel Celeron N3060,"HP 14 Inch Stream Laptop, Intel Celeron N3060 Processor, 4GB RAM, 32GB eMMC, 1-year Office 365 Personal included, HDMI",HP,14 in,4 GB,32 GB,Intel,1.6 GHz,Windows 10,,Stream Intel Celeron N3060
141,457,2165,"HP Stream 11.6"" Laptop, Windows 10 Home, Office 365 Personal 1-year subscription included, Intel Celeron N3060 Processor, 4GB RAM, 32GB eMMC Storage",HP,11.6 in,4 GB,32 GB,Intel Celeron,"1.60 GHz, with a Max Turbo Speed of 2.48 GHz",Windows 10,10 hours,Stream Intel Celeron N3060,"HP 14 Inch Stream Laptop, Intel Celeron N3060 Processor, 4GB RAM, 32GB eMMC, 1-year Office 365 Personal included, HDMI",HP,14 in,4 GB,32 GB,Intel,1.6 GHz,Windows 10,,Stream Intel Celeron N3060
142,457,2341,"HP Stream 11.6"" Laptop, Windows 10 Home, Office 365 Personal 1-year subscription included, Intel Celeron N3060 Processor, 4GB RAM, 32GB eMMC Storage",HP,11.6 in,4 GB,32 GB,Intel Celeron,"1.60 GHz, with a Max Turbo Speed of 2.48 GHz",Windows 10,10 hours,Stream Intel Celeron N3060,"HP 14 Inch Stream Laptop, Intel Celeron N3060 Processor, 4GB RAM, 32GB eMMC, 1-year Office 365 Personal included, HDMI",HP,14 in,4 GB,32 GB,Intel,1.6 GHz,Windows 10,,Stream Intel Celeron N3060
143,2,1769,"HP Stream 11.6"" Laptop, Windows 10 Home, Office 365 Personal 1-year subscription included, Intel Celeron N3060 Processor, 4GB RAM, 32GB eMMC Storage",HP,11.6 in,4 GB,32 GB,Intel Celeron,1.6 Hz,Windows 10,10 h,Stream Intel Celeron N3060,"HP 14 Inch Stream Laptop, Intel Celeron N3060 Processor, 4GB RAM, 32GB eMMC, 1-year Office 365 Personal included, HDMI",HP,14 in,4 GB,32 GB,Intel,1.6 GHz,Windows 10,,Stream Intel Celeron N3060
144,2,1638,"HP Stream 11.6"" Laptop, Windows 10 Home, Office 365 Personal 1-year subscription included, Intel Celeron N3060 Processor, 4GB RAM, 32GB eMMC Storage",HP,11.6 in,4 GB,32 GB,Intel Celeron,1.6 Hz,Windows 10,10 h,Stream Intel Celeron N3060,"HP 14 Inch Stream Laptop, Intel Celeron N3060 Processor, 4GB RAM, 32GB eMMC, 1-year Office 365 Personal included, HDMI",HP,14 in,4 GB,32 GB,Intel,1.6 GHz,Windows 10,,Stream Intel Celeron N3060
145,457,1572,"HP Stream 11.6"" Laptop, Windows 10 Home, Office 365 Personal 1-year subscription included, Intel Celeron N3060 Processor, 4GB RAM, 32GB eMMC Storage",HP,11.6 in,4 GB,32 GB,Intel Celeron,"1.60 GHz, with a Max Turbo Speed of 2.48 GHz",Windows 10,10 hours,Stream Intel Celeron N3060,"HP 14 Inch Stream Laptop, Intel Celeron N3060 Processor, 4GB RAM, 32GB eMMC, 1-year Office 365 Personal included, HDMI",HP,14 in,4 GB,32 GB,Intel,1.6 GHz,Windows 10,,Stream Intel Celeron N3060
146,457,2231,"HP Stream 11.6"" Laptop, Windows 10 Home, Office 365 Personal 1-year subscription included, Intel Celeron N3060 Processor, 4GB RAM, 32GB eMMC Storage",HP,11.6 in,4 GB,32 GB,Intel Celeron,"1.60 GHz, with a Max Turbo Speed of 2.48 GHz",Windows 10,10 hours,Stream Intel Celeron N3060,"HP 14 Inch Stream Laptop, Intel Celeron N3060 Processor, 4GB RAM, 32GB eMMC, 1-year Office 365 Personal included, HDMI",HP,14 in,4 GB,32 GB,Intel,1.6 GHz,Windows 10,,Stream Intel Celeron N3060
147,457,1835,"HP Stream 11.6"" Laptop, Windows 10 Home, Office 365 Personal 1-year subscription included, Intel Celeron N3060 Processor, 4GB RAM, 32GB eMMC Storage",HP,11.6 in,4 GB,32 GB,Intel Celeron,"1.60 GHz, with a Max Turbo Speed of 2.48 GHz",Windows 10,10 hours,Stream Intel Celeron N3060,"HP 14 Inch Stream Laptop, Intel Celeron N3060 Processor, 4GB RAM, 32GB eMMC, 1-year Office 365 Personal included, HDMI",HP,14 in,4 GB,32 GB,Intel,1.6 GHz,Windows 10,,Stream Intel Celeron N3060
148,457,2033,"HP Stream 11.6"" Laptop, Windows 10 Home, Office 365 Personal 1-year subscription included, Intel Celeron N3060 Processor, 4GB RAM, 32GB eMMC Storage",HP,11.6 in,4 GB,32 GB,Intel Celeron,"1.60 GHz, with a Max Turbo Speed of 2.48 GHz",Windows 10,10 hours,Stream Intel Celeron N3060,"HP 14 Inch Stream Laptop, Intel Celeron N3060 Processor, 4GB RAM, 32GB eMMC, 1-year Office 365 Personal included, HDMI",HP,14 in,4 GB,32 GB,Intel,1.6 GHz,Windows 10,,Stream Intel Celeron N3060
149,457,1528,"HP Stream 11.6"" Laptop, Windows 10 Home, Office 365 Personal 1-year subscription included, Intel Celeron N3060 Processor, 4GB RAM, 32GB eMMC Storage",HP,11.6 in,4 GB,32 GB,Intel Celeron,"1.60 GHz, with a Max Turbo Speed of 2.48 GHz",Windows 10,10 hours,Stream Intel Celeron N3060,"HP 14 Inch Stream Laptop, Intel Celeron N3060 Processor, 4GB RAM, 32GB eMMC, 1-year Office 365 Personal included, HDMI",HP,14 in,4 GB,32 GB,Intel,1.6 GHz,Windows 10,,Stream Intel Celeron N3060
150,2,1550,"HP Stream 11.6"" Laptop, Windows 10 Home, Office 365 Personal 1-year subscription included, Intel Celeron N3060 Processor, 4GB RAM, 32GB eMMC Storage",HP,11.6 in,4 GB,32 GB,Intel Celeron,1.6 Hz,Windows 10,10 h,Stream Intel Celeron N3060,"HP 14 Inch Stream Laptop, Intel Celeron N3060 Processor, 4GB RAM, 32GB eMMC, 1-year Office 365 Personal included, HDMI",HP,14 in,4 GB,32 GB,Intel,1.6 GHz,Windows 10,,Stream Intel Celeron N3060
151,457,2055,"HP Stream 11.6"" Laptop, Windows 10 Home, Office 365 Personal 1-year subscription included, Intel Celeron N3060 Processor, 4GB RAM, 32GB eMMC Storage",HP,11.6 in,4 GB,32 GB,Intel Celeron,"1.60 GHz, with a Max Turbo Speed of 2.48 GHz",Windows 10,10 hours,Stream Intel Celeron N3060,"HP 14 Inch Stream Laptop, Intel Celeron N3060 Processor, 4GB RAM, 32GB eMMC, 1-year Office 365 Personal included, HDMI",HP,14 in,4 GB,32 GB,Intel,1.6 GHz,Windows 10,,Stream Intel Celeron N3060
152,2,1747,"HP Stream 11.6"" Laptop, Windows 10 Home, Office 365 Personal 1-year subscription included, Intel Celeron N3060 Processor, 4GB RAM, 32GB eMMC Storage",HP,11.6 in,4 GB,32 GB,Intel Celeron,1.6 Hz,Windows 10,10 h,Stream Intel Celeron N3060,"HP 14 Inch Stream Laptop, Intel Celeron N3060 Processor, 4GB RAM, 32GB eMMC, 1-year Office 365 Personal included, HDMI",HP,14 in,4 GB,32 GB,Intel,1.6 GHz,Windows 10,,Stream Intel Celeron N3060
153,457,1857,"HP Stream 11.6"" Laptop, Windows 10 Home, Office 365 Personal 1-year subscription included, Intel Celeron N3060 Processor, 4GB RAM, 32GB eMMC Storage",HP,11.6 in,4 GB,32 GB,Intel Celeron,"1.60 GHz, with a Max Turbo Speed of 2.48 GHz",Windows 10,10 hours,Stream Intel Celeron N3060,"HP 14 Inch Stream Laptop, Intel Celeron N3060 Processor, 4GB RAM, 32GB eMMC, 1-year Office 365 Personal included, HDMI",HP,14 in,4 GB,32 GB,Intel,1.6 GHz,Windows 10,,Stream Intel Celeron N3060
154,457,1901,"HP Stream 11.6"" Laptop, Windows 10 Home, Office 365 Personal 1-year subscription included, Intel Celeron N3060 Processor, 4GB RAM, 32GB eMMC Storage",HP,11.6 in,4 GB,32 GB,Intel Celeron,"1.60 GHz, with a Max Turbo Speed of 2.48 GHz",Windows 10,10 hours,Stream Intel Celeron N3060,"HP 14 Inch Stream Laptop, Intel Celeron N3060 Processor, 4GB RAM, 32GB eMMC, 1-year Office 365 Personal included, HDMI",HP,14 in,4 GB,32 GB,Intel,1.6 GHz,Windows 10,,Stream Intel Celeron N3060
155,457,1879,"HP Stream 11.6"" Laptop, Windows 10 Home, Office 365 Personal 1-year subscription included, Intel Celeron N3060 Processor, 4GB RAM, 32GB eMMC Storage",HP,11.6 in,4 GB,32 GB,Intel Celeron,"1.60 GHz, with a Max Turbo Speed of 2.48 GHz",Windows 10,10 hours,Stream Intel Celeron N3060,"HP 14 Inch Stream Laptop, Intel Celeron N3060 Processor, 4GB RAM, 32GB eMMC, 1-year Office 365 Personal included, HDMI",HP,14 in,4 GB,32 GB,Intel,1.6 GHz,Windows 10,,Stream Intel Celeron N3060
156,457,1791,"HP Stream 11.6"" Laptop, Windows 10 Home, Office 365 Personal 1-year subscription included, Intel Celeron N3060 Processor, 4GB RAM, 32GB eMMC Storage",HP,11.6 in,4 GB,32 GB,Intel Celeron,"1.60 GHz, with a Max Turbo Speed of 2.48 GHz",Windows 10,10 hours,Stream Intel Celeron N3060,"HP 14 Inch Stream Laptop, Intel Celeron N3060 Processor, 4GB RAM, 32GB eMMC, 1-year Office 365 Personal included, HDMI",HP,14 in,4 GB,32 GB,Intel,1.6 GHz,Windows 10,,Stream Intel Celeron N3060
157,2,1682,"HP Stream 11.6"" Laptop, Windows 10 Home, Office 365 Personal 1-year subscription included, Intel Celeron N3060 Processor, 4GB RAM, 32GB eMMC Storage",HP,11.6 in,4 GB,32 GB,Intel Celeron,1.6 Hz,Windows 10,10 h,Stream Intel Celeron N3060,"HP 14 Inch Stream Laptop, Intel Celeron N3060 Processor, 4GB RAM, 32GB eMMC, 1-year Office 365 Personal included, HDMI",HP,14 in,4 GB,32 GB,Intel,1.6 GHz,Windows 10,,Stream Intel Celeron N3060
158,2,1791,"HP Stream 11.6"" Laptop, Windows 10 Home, Office 365 Personal 1-year subscription included, Intel Celeron N3060 Processor, 4GB RAM, 32GB eMMC Storage",HP,11.6 in,4 GB,32 GB,Intel Celeron,1.6 Hz,Windows 10,10 h,Stream Intel Celeron N3060,"HP 14 Inch Stream Laptop, Intel Celeron N3060 Processor, 4GB RAM, 32GB eMMC, 1-year Office 365 Personal included, HDMI",HP,14 in,4 GB,32 GB,Intel,1.6 GHz,Windows 10,,Stream Intel Celeron N3060
159,2,1572,"HP Stream 11.6"" Laptop, Windows 10 Home, Office 365 Personal 1-year subscription included, Intel Celeron N3060 Processor, 4GB RAM, 32GB eMMC Storage",HP,11.6 in,4 GB,32 GB,Intel Celeron,1.6 Hz,Windows 10,10 h,Stream Intel Celeron N3060,"HP 14 Inch Stream Laptop, Intel Celeron N3060 Processor, 4GB RAM, 32GB eMMC, 1-year Office 365 Personal included, HDMI",HP,14 in,4 GB,32 GB,Intel,1.6 GHz,Windows 10,,Stream Intel Celeron N3060
160,457,1726,"HP Stream 11.6"" Laptop, Windows 10 Home, Office 365 Personal 1-year subscription included, Intel Celeron N3060 Processor, 4GB RAM, 32GB eMMC Storage",HP,11.6 in,4 GB,32 GB,Intel Celeron,"1.60 GHz, with a Max Turbo Speed of 2.48 GHz",Windows 10,10 hours,Stream Intel Celeron N3060,"HP 14 Inch Stream Laptop, Intel Celeron N3060 Processor, 4GB RAM, 32GB eMMC, 1-year Office 365 Personal included, HDMI",HP,14 in,4 GB,32 GB,Intel,1.6 GHz,Windows 10,,Stream Intel Celeron N3060
161,457,2802,"HP Stream 11.6"" Laptop, Windows 10 Home, Office 365 Personal 1-year subscription included, Intel Celeron N3060 Processor, 4GB RAM, 32GB eMMC Storage",HP,11.6 in,4 GB,32 GB,Intel Celeron,"1.60 GHz, with a Max Turbo Speed of 2.48 GHz",Windows 10,10 hours,Stream Intel Celeron N3060,"HP 14 Inch Stream Laptop, Intel Celeron N3060 Processor, 4GB RAM, 32GB eMMC, 1-year Office 365 Personal included, HDMI",HP,14 in,4 GB,32 GB,Intel,1.6 GHz,Windows 10,,Stream Intel Celeron N3060
162,457,1813,"HP Stream 11.6"" Laptop, Windows 10 Home, Office 365 Personal 1-year subscription included, Intel Celeron N3060 Processor, 4GB RAM, 32GB eMMC Storage",HP,11.6 in,4 GB,32 GB,Intel Celeron,"1.60 GHz, with a Max Turbo Speed of 2.48 GHz",Windows 10,10 hours,Stream Intel Celeron N3060,"HP 14 Inch Stream Laptop, Intel Celeron N3060 Processor, 4GB RAM, 32GB eMMC, 1-year Office 365 Personal included, HDMI",HP,14 in,4 GB,32 GB,Intel,1.6 GHz,Windows 10,,Stream Intel Celeron N3060
163,457,2011,"HP Stream 11.6"" Laptop, Windows 10 Home, Office 365 Personal 1-year subscription included, Intel Celeron N3060 Processor, 4GB RAM, 32GB eMMC Storage",HP,11.6 in,4 GB,32 GB,Intel Celeron,"1.60 GHz, with a Max Turbo Speed of 2.48 GHz",Windows 10,10 hours,Stream Intel Celeron N3060,"HP 14 Inch Stream Laptop, Intel Celeron N3060 Processor, 4GB RAM, 32GB eMMC, 1-year Office 365 Personal included, HDMI",HP,14 in,4 GB,32 GB,Intel,1.6 GHz,Windows 10,,Stream Intel Celeron N3060
164,457,1967,"HP Stream 11.6"" Laptop, Windows 10 Home, Office 365 Personal 1-year subscription included, Intel Celeron N3060 Processor, 4GB RAM, 32GB eMMC Storage",HP,11.6 in,4 GB,32 GB,Intel Celeron,"1.60 GHz, with a Max Turbo Speed of 2.48 GHz",Windows 10,10 hours,Stream Intel Celeron N3060,"HP 14 Inch Stream Laptop, Intel Celeron N3060 Processor, 4GB RAM, 32GB eMMC, 1-year Office 365 Personal included, HDMI",HP,14 in,4 GB,32 GB,Intel,1.6 GHz,Windows 10,,Stream Intel Celeron N3060
165,457,1989,"HP Stream 11.6"" Laptop, Windows 10 Home, Office 365 Personal 1-year subscription included, Intel Celeron N3060 Processor, 4GB RAM, 32GB eMMC Storage",HP,11.6 in,4 GB,32 GB,Intel Celeron,"1.60 GHz, with a Max Turbo Speed of 2.48 GHz",Windows 10,10 hours,Stream Intel Celeron N3060,"HP 14 Inch Stream Laptop, Intel Celeron N3060 Processor, 4GB RAM, 32GB eMMC, 1-year Office 365 Personal included, HDMI",HP,14 in,4 GB,32 GB,Intel,1.6 GHz,Windows 10,,Stream Intel Celeron N3060
166,457,2077,"HP Stream 11.6"" Laptop, Windows 10 Home, Office 365 Personal 1-year subscription included, Intel Celeron N3060 Processor, 4GB RAM, 32GB eMMC Storage",HP,11.6 in,4 GB,32 GB,Intel Celeron,"1.60 GHz, with a Max Turbo Speed of 2.48 GHz",Windows 10,10 hours,Stream Intel Celeron N3060,"HP 14 Inch Stream Laptop, Intel Celeron N3060 Processor, 4GB RAM, 32GB eMMC, 1-year Office 365 Personal included, HDMI",HP,14 in,4 GB,32 GB,Intel,1.6 GHz,Windows 10,,Stream Intel Celeron N3060
167,457,2319,"HP Stream 11.6"" Laptop, Windows 10 Home, Office 365 Personal 1-year subscription included, Intel Celeron N3060 Processor, 4GB RAM, 32GB eMMC Storage",HP,11.6 in,4 GB,32 GB,Intel Celeron,"1.60 GHz, with a Max Turbo Speed of 2.48 GHz",Windows 10,10 hours,Stream Intel Celeron N3060,"HP 14 Inch Stream Laptop, Intel Celeron N3060 Processor, 4GB RAM, 32GB eMMC, 1-year Office 365 Personal included, HDMI",HP,14 in,4 GB,32 GB,Intel,1.6 GHz,Windows 10,,Stream Intel Celeron N3060
168,2,1726,"HP Stream 11.6"" Laptop, Windows 10 Home, Office 365 Personal 1-year subscription included, Intel Celeron N3060 Processor, 4GB RAM, 32GB eMMC Storage",HP,11.6 in,4 GB,32 GB,Intel Celeron,1.6 Hz,Windows 10,10 h,Stream Intel Celeron N3060,"HP 14 Inch Stream Laptop, Intel Celeron N3060 Processor, 4GB RAM, 32GB eMMC, 1-year Office 365 Personal included, HDMI",HP,14 in,4 GB,32 GB,Intel,1.6 GHz,Windows 10,,Stream Intel Celeron N3060
169,457,2275,"HP Stream 11.6"" Laptop, Windows 10 Home, Office 365 Personal 1-year subscription included, Intel Celeron N3060 Processor, 4GB RAM, 32GB eMMC Storage",HP,11.6 in,4 GB,32 GB,Intel Celeron,"1.60 GHz, with a Max Turbo Speed of 2.48 GHz",Windows 10,10 hours,Stream Intel Celeron N3060,"HP 14 Inch Stream Laptop, Intel Celeron N3060 Processor, 4GB RAM, 32GB eMMC, 1-year Office 365 Personal included, HDMI",HP,14 in,4 GB,32 GB,Intel,1.6 GHz,Windows 10,,Stream Intel Celeron N3060
170,457,2253,"HP Stream 11.6"" Laptop, Windows 10 Home, Office 365 Personal 1-year subscription included, Intel Celeron N3060 Processor, 4GB RAM, 32GB eMMC Storage",HP,11.6 in,4 GB,32 GB,Intel Celeron,"1.60 GHz, with a Max Turbo Speed of 2.48 GHz",Windows 10,10 hours,Stream Intel Celeron N3060,"HP 14 Inch Stream Laptop, Intel Celeron N3060 Processor, 4GB RAM, 32GB eMMC, 1-year Office 365 Personal included, HDMI",HP,14 in,4 GB,32 GB,Intel,1.6 GHz,Windows 10,,Stream Intel Celeron N3060
171,457,1747,"HP Stream 11.6"" Laptop, Windows 10 Home, Office 365 Personal 1-year subscription included, Intel Celeron N3060 Processor, 4GB RAM, 32GB eMMC Storage",HP,11.6 in,4 GB,32 GB,Intel Celeron,"1.60 GHz, with a Max Turbo Speed of 2.48 GHz",Windows 10,10 hours,Stream Intel Celeron N3060,"HP 14 Inch Stream Laptop, Intel Celeron N3060 Processor, 4GB RAM, 32GB eMMC, 1-year Office 365 Personal included, HDMI",HP,14 in,4 GB,32 GB,Intel,1.6 GHz,Windows 10,,Stream Intel Celeron N3060
172,2,1506,"HP Stream 11.6"" Laptop, Windows 10 Home, Office 365 Personal 1-year subscription included, Intel Celeron N3060 Processor, 4GB RAM, 32GB eMMC Storage",HP,11.6 in,4 GB,32 GB,Intel Celeron,1.6 Hz,Windows 10,10 h,Stream Intel Celeron N3060,"HP 14 Inch Stream Laptop, Intel Celeron N3060 Processor, 4GB RAM, 32GB eMMC, 1-year Office 365 Personal included, HDMI",HP,14 in,4 GB,32 GB,Intel,1.6 GHz,Windows 10,,Stream Intel Celeron N3060
173,457,1945,"HP Stream 11.6"" Laptop, Windows 10 Home, Office 365 Personal 1-year subscription included, Intel Celeron N3060 Processor, 4GB RAM, 32GB eMMC Storage",HP,11.6 in,4 GB,32 GB,Intel Celeron,"1.60 GHz, with a Max Turbo Speed of 2.48 GHz",Windows 10,10 hours,Stream Intel Celeron N3060,"HP 14 Inch Stream Laptop, Intel Celeron N3060 Processor, 4GB RAM, 32GB eMMC, 1-year Office 365 Personal included, HDMI",HP,14 in,4 GB,32 GB,Intel,1.6 GHz,Windows 10,,Stream Intel Celeron N3060
174,2,1704,"HP Stream 11.6"" Laptop, Windows 10 Home, Office 365 Personal 1-year subscription included, Intel Celeron N3060 Processor, 4GB RAM, 32GB eMMC Storage",HP,11.6 in,4 GB,32 GB,Intel Celeron,1.6 Hz,Windows 10,10 h,Stream Intel Celeron N3060,"HP 14 Inch Stream Laptop, Intel Celeron N3060 Processor, 4GB RAM, 32GB eMMC, 1-year Office 365 Personal included, HDMI",HP,14 in,4 GB,32 GB,Intel,1.6 GHz,Windows 10,,Stream Intel Celeron N3060
175,457,1923,"HP Stream 11.6"" Laptop, Windows 10 Home, Office 365 Personal 1-year subscription included, Intel Celeron N3060 Processor, 4GB RAM, 32GB eMMC Storage",HP,11.6 in,4 GB,32 GB,Intel Celeron,"1.60 GHz, with a Max Turbo Speed of 2.48 GHz",Windows 10,10 hours,Stream Intel Celeron N3060,"HP 14 Inch Stream Laptop, Intel Celeron N3060 Processor, 4GB RAM, 32GB eMMC, 1-year Office 365 Personal included, HDMI",HP,14 in,4 GB,32 GB,Intel,1.6 GHz,Windows 10,,Stream Intel Celeron N3060
176,2,1594,"HP Stream 11.6"" Laptop, Windows 10 Home, Office 365 Personal 1-year subscription included, Intel Celeron N3060 Processor, 4GB RAM, 32GB eMMC Storage",HP,11.6 in,4 GB,32 GB,Intel Celeron,1.6 Hz,Windows 10,10 h,Stream Intel Celeron N3060,"HP 14 Inch Stream Laptop, Intel Celeron N3060 Processor, 4GB RAM, 32GB eMMC, 1-year Office 365 Personal included, HDMI",HP,14 in,4 GB,32 GB,Intel,1.6 GHz,Windows 10,,Stream Intel Celeron N3060
177,457,2297,"HP Stream 11.6"" Laptop, Windows 10 Home, Office 365 Personal 1-year subscription included, Intel Celeron N3060 Processor, 4GB RAM, 32GB eMMC Storage",HP,11.6 in,4 GB,32 GB,Intel Celeron,"1.60 GHz, with a Max Turbo Speed of 2.48 GHz",Windows 10,10 hours,Stream Intel Celeron N3060,"HP 14 Inch Stream Laptop, Intel Celeron N3060 Processor, 4GB RAM, 32GB eMMC, 1-year Office 365 Personal included, HDMI",HP,14 in,4 GB,32 GB,Intel,1.6 GHz,Windows 10,,Stream Intel Celeron N3060
178,457,2121,"HP Stream 11.6"" Laptop, Windows 10 Home, Office 365 Personal 1-year subscription included, Intel Celeron N3060 Processor, 4GB RAM, 32GB eMMC Storage",HP,11.6 in,4 GB,32 GB,Intel Celeron,"1.60 GHz, with a Max Turbo Speed of 2.48 GHz",Windows 10,10 hours,Stream Intel Celeron N3060,"HP 14 Inch Stream Laptop, Intel Celeron N3060 Processor, 4GB RAM, 32GB eMMC, 1-year Office 365 Personal included, HDMI",HP,14 in,4 GB,32 GB,Intel,1.6 GHz,Windows 10,,Stream Intel Celeron N3060
179,2,1616,"HP Stream 11.6"" Laptop, Windows 10 Home, Office 365 Personal 1-year subscription included, Intel Celeron N3060 Processor, 4GB RAM, 32GB eMMC Storage",HP,11.6 in,4 GB,32 GB,Intel Celeron,1.6 Hz,Windows 10,10 h,Stream Intel Celeron N3060,"HP 14 Inch Stream Laptop, Intel Celeron N3060 Processor, 4GB RAM, 32GB eMMC, 1-year Office 365 Personal included, HDMI",HP,14 in,4 GB,32 GB,Intel,1.6 GHz,Windows 10,,Stream Intel Celeron N3060
180,457,2099,"HP Stream 11.6"" Laptop, Windows 10 Home, Office 365 Personal 1-year subscription included, Intel Celeron N3060 Processor, 4GB RAM, 32GB eMMC Storage",HP,11.6 in,4 GB,32 GB,Intel Celeron,"1.60 GHz, with a Max Turbo Speed of 2.48 GHz",Windows 10,10 hours,Stream Intel Celeron N3060,"HP 14 Inch Stream Laptop, Intel Celeron N3060 Processor, 4GB RAM, 32GB eMMC, 1-year Office 365 Personal included, HDMI",HP,14 in,4 GB,32 GB,Intel,1.6 GHz,Windows 10,,Stream Intel Celeron N3060
181,2,1528,"HP Stream 11.6"" Laptop, Windows 10 Home, Office 365 Personal 1-year subscription included, Intel Celeron N3060 Processor, 4GB RAM, 32GB eMMC Storage",HP,11.6 in,4 GB,32 GB,Intel Celeron,1.6 Hz,Windows 10,10 h,Stream Intel Celeron N3060,"HP 14 Inch Stream Laptop, Intel Celeron N3060 Processor, 4GB RAM, 32GB eMMC, 1-year Office 365 Personal included, HDMI",HP,14 in,4 GB,32 GB,Intel,1.6 GHz,Windows 10,,Stream Intel Celeron N3060
182,457,2385,"HP Stream 11.6"" Laptop, Windows 10 Home, Office 365 Personal 1-year subscription included, Intel Celeron N3060 Processor, 4GB RAM, 32GB eMMC Storage",HP,11.6 in,4 GB,32 GB,Intel Celeron,"1.60 GHz, with a Max Turbo Speed of 2.48 GHz",Windows 10,10 hours,Stream Intel Celeron N3060,"HP 14 Inch Stream Laptop, Intel Celeron N3060 Processor, 4GB RAM, 32GB eMMC, 1-year Office 365 Personal included, HDMI",HP,14 in,4 GB,32 GB,Intel,1.6 GHz,Windows 10,,Stream Intel Celeron N3060
183,2,1813,"HP Stream 11.6"" Laptop, Windows 10 Home, Office 365 Personal 1-year subscription included, Intel Celeron N3060 Processor, 4GB RAM, 32GB eMMC Storage",HP,11.6 in,4 GB,32 GB,Intel Celeron,1.6 Hz,Windows 10,10 h,Stream Intel Celeron N3060,"HP 14 Inch Stream Laptop, Intel Celeron N3060 Processor, 4GB RAM, 32GB eMMC, 1-year Office 365 Personal included, HDMI",HP,14 in,4 GB,32 GB,Intel,1.6 GHz,Windows 10,,Stream Intel Celeron N3060
184,457,2666,"HP Stream 11.6"" Laptop, Windows 10 Home, Office 365 Personal 1-year subscription included, Intel Celeron N3060 Processor, 4GB RAM, 32GB eMMC Storage",HP,11.6 in,4 GB,32 GB,Intel Celeron,"1.60 GHz, with a Max Turbo Speed of 2.48 GHz",Windows 10,10 hours,Stream Intel Celeron N3060,"2018 HP Stream 14 Inch Laptop Computer, Intel Celeron N3060 1.6GHz, 4GB RAM, 32GB SSD, Windows 10 (Certified Refurbished)",HP,14 in,4 GB,32 GB,Intel,1.6 GHz,Windows 10,,2018 Stream Intel Celeron N3060 SSD Refurbished
185,457,840,"HP Stream 11.6"" Laptop, Windows 10 Home, Office 365 Personal 1-year subscription included, Intel Celeron N3060 Processor, 4GB RAM, 32GB eMMC Storage",HP,11.6 in,4 GB,32 GB,Intel Celeron,"1.60 GHz, with a Max Turbo Speed of 2.48 GHz",Windows 10,10 hours,Stream Intel Celeron N3060,"2018 HP Stream 14 Inch Laptop Computer, Intel Celeron N3060 1.6GHz, 4GB RAM, 32GB SSD, Windows 10 (Certified Refurbished)",HP,14 in,4 GB,32 GB,Intel,1.6 GHz,Windows 10,,2018 Stream Intel Celeron N3060 SSD Refurbished
186,457,2670,"HP Stream 11.6"" Laptop, Windows 10 Home, Office 365 Personal 1-year subscription included, Intel Celeron N3060 Processor, 4GB RAM, 32GB eMMC Storage",HP,11.6 in,4 GB,32 GB,Intel Celeron,"1.60 GHz, with a Max Turbo Speed of 2.48 GHz",Windows 10,10 hours,Stream Intel Celeron N3060,"HP 14 Inch Stream Laptop, Intel Celeron N3060 Processor, 4GB RAM, 32GB eMMC, 1-year Office 365 Personal included, HDMI",HP,14 in,4 GB,32 GB,Intel,1.6 GHz,Windows 10,,Stream Intel Celeron N3060
187,457,818,"HP Stream 11.6"" Laptop, Windows 10 Home, Office 365 Personal 1-year subscription included, Intel Celeron N3060 Processor, 4GB RAM, 32GB eMMC Storage",HP,11.6 in,4 GB,32 GB,Intel Celeron,"1.60 GHz, with a Max Turbo Speed of 2.48 GHz",Windows 10,10 hours,Stream Intel Celeron N3060,"2018 HP Stream 14 Inch Laptop Computer, Intel Celeron N3060 1.6GHz, 4GB RAM, 32GB SSD, Windows 10 (Certified Refurbished)",HP,14 in,4 GB,32 GB,Intel,1.6 GHz,Windows 10,,2018 Stream Intel Celeron N3060 SSD Refurbished
188,457,2688,"HP Stream 11.6"" Laptop, Windows 10 Home, Office 365 Personal 1-year subscription included, Intel Celeron N3060 Processor, 4GB RAM, 32GB eMMC Storage",HP,11.6 in,4 GB,32 GB,Intel Celeron,"1.60 GHz, with a Max Turbo Speed of 2.48 GHz",Windows 10,10 hours,Stream Intel Celeron N3060,"2018 HP Stream 14 Inch Laptop Computer, Intel Celeron N3060 1.6GHz, 4GB RAM, 32GB SSD, Windows 10 (Certified Refurbished)",HP,14 in,4 GB,32 GB,Intel,1.6 GHz,Windows 10,,2018 Stream Intel Celeron N3060 SSD Refurbished
189,457,2692,"HP Stream 11.6"" Laptop, Windows 10 Home, Office 365 Personal 1-year subscription included, Intel Celeron N3060 Processor, 4GB RAM, 32GB eMMC Storage",HP,11.6 in,4 GB,32 GB,Intel Celeron,"1.60 GHz, with a Max Turbo Speed of 2.48 GHz",Windows 10,10 hours,Stream Intel Celeron N3060,"HP 14 Inch Stream Laptop, Intel Celeron N3060 Processor, 4GB RAM, 32GB eMMC, 1-year Office 365 Personal included, HDMI",HP,14 in,4 GB,32 GB,Intel,1.6 GHz,Windows 10,,Stream Intel Celeron N3060
190,457,796,"HP Stream 11.6"" Laptop, Windows 10 Home, Office 365 Personal 1-year subscription included, Intel Celeron N3060 Processor, 4GB RAM, 32GB eMMC Storage",HP,11.6 in,4 GB,32 GB,Intel Celeron,"1.60 GHz, with a Max Turbo Speed of 2.48 GHz",Windows 10,10 hours,Stream Intel Celeron N3060,"2018 HP Stream 14 Inch Laptop Computer, Intel Celeron N3060 1.6GHz, 4GB RAM, 32GB SSD, Windows 10 (Certified Refurbished)",HP,14 in,4 GB,32 GB,Intel,1.6 GHz,Windows 10,,2018 Stream Intel Celeron N3060 SSD Refurbished
191,457,2710,"HP Stream 11.6"" Laptop, Windows 10 Home, Office 365 Personal 1-year subscription included, Intel Celeron N3060 Processor, 4GB RAM, 32GB eMMC Storage",HP,11.6 in,4 GB,32 GB,Intel Celeron,"1.60 GHz, with a Max Turbo Speed of 2.48 GHz",Windows 10,10 hours,Stream Intel Celeron N3060,"2018 HP Stream 14 Inch Laptop Computer, Intel Celeron N3060 1.6GHz, 4GB RAM, 32GB SSD, Windows 10 (Certified Refurbished)",HP,14 in,4 GB,32 GB,Intel,1.6 GHz,Windows 10,,2018 Stream Intel Celeron N3060 SSD Refurbished
192,457,2714,"HP Stream 11.6"" Laptop, Windows 10 Home, Office 365 Personal 1-year subscription included, Intel Celeron N3060 Processor, 4GB RAM, 32GB eMMC Storage",HP,11.6 in,4 GB,32 GB,Intel Celeron,"1.60 GHz, with a Max Turbo Speed of 2.48 GHz",Windows 10,10 hours,Stream Intel Celeron N3060,"HP 14 Inch Stream Laptop, Intel Celeron N3060 Processor, 4GB RAM, 32GB eMMC, 1-year Office 365 Personal included, HDMI",HP,14 in,4 GB,32 GB,Intel,1.6 GHz,Windows 10,,Stream Intel Celeron N3060
193,457,2732,"HP Stream 11.6"" Laptop, Windows 10 Home, Office 365 Personal 1-year subscription included, Intel Celeron N3060 Processor, 4GB RAM, 32GB eMMC Storage",HP,11.6 in,4 GB,32 GB,Intel Celeron,"1.60 GHz, with a Max Turbo Speed of 2.48 GHz",Windows 10,10 hours,Stream Intel Celeron N3060,"2018 HP Stream 14 Inch Laptop Computer, Intel Celeron N3060 1.6GHz, 4GB RAM, 32GB SSD, Windows 10 (Certified Refurbished)",HP,14 in,4 GB,32 GB,Intel,1.6 GHz,Windows 10,,2018 Stream Intel Celeron N3060 SSD Refurbished
194,457,774,"HP Stream 11.6"" Laptop, Windows 10 Home, Office 365 Personal 1-year subscription included, Intel Celeron N3060 Processor, 4GB RAM, 32GB eMMC Storage",HP,11.6 in,4 GB,32 GB,Intel Celeron,"1.60 GHz, with a Max Turbo Speed of 2.48 GHz",Windows 10,10 hours,Stream Intel Celeron N3060,"2018 HP Stream 14 Inch Laptop Computer, Intel Celeron N3060 1.6GHz, 4GB RAM, 32GB SSD, Windows 10 (Certified Refurbished)",HP,14 in,4 GB,32 GB,Intel,1.6 GHz,Windows 10,,2018 Stream Intel Celeron N3060 SSD Refurbished
195,457,2736,"HP Stream 11.6"" Laptop, Windows 10 Home, Office 365 Personal 1-year subscription included, Intel Celeron N3060 Processor, 4GB RAM, 32GB eMMC Storage",HP,11.6 in,4 GB,32 GB,Intel Celeron,"1.60 GHz, with a Max Turbo Speed of 2.48 GHz",Windows 10,10 hours,Stream Intel Celeron N3060,"HP 14 Inch Stream Laptop, Intel Celeron N3060 Processor, 4GB RAM, 32GB eMMC, 1-year Office 365 Personal included, HDMI",HP,14 in,4 GB,32 GB,Intel,1.6 GHz,Windows 10,,Stream Intel Celeron N3060
196,457,2754,"HP Stream 11.6"" Laptop, Windows 10 Home, Office 365 Personal 1-year subscription included, Intel Celeron N3060 Processor, 4GB RAM, 32GB eMMC Storage",HP,11.6 in,4 GB,32 GB,Intel Celeron,"1.60 GHz, with a Max Turbo Speed of 2.48 GHz",Windows 10,10 hours,Stream Intel Celeron N3060,"2018 HP Stream 14 Inch Laptop Computer, Intel Celeron N3060 1.6GHz, 4GB RAM, 32GB SSD, Windows 10 (Certified Refurbished)",HP,14 in,4 GB,32 GB,Intel,1.6 GHz,Windows 10,,2018 Stream Intel Celeron N3060 SSD Refurbished
197,457,2758,"HP Stream 11.6"" Laptop, Windows 10 Home, Office 365 Personal 1-year subscription included, Intel Celeron N3060 Processor, 4GB RAM, 32GB eMMC Storage",HP,11.6 in,4 GB,32 GB,Intel Celeron,"1.60 GHz, with a Max Turbo Speed of 2.48 GHz",Windows 10,10 hours,Stream Intel Celeron N3060,"HP 14 Inch Stream Laptop, Intel Celeron N3060 Processor, 4GB RAM, 32GB eMMC, 1-year Office 365 Personal included, HDMI",HP,14 in,4 GB,32 GB,Intel,1.6 GHz,Windows 10,,Stream Intel Celeron N3060
198,457,752,"HP Stream 11.6"" Laptop, Windows 10 Home, Office 365 Personal 1-year subscription included, Intel Celeron N3060 Processor, 4GB RAM, 32GB eMMC Storage",HP,11.6 in,4 GB,32 GB,Intel Celeron,"1.60 GHz, with a Max Turbo Speed of 2.48 GHz",Windows 10,10 hours,Stream Intel Celeron N3060,"2018 HP Stream 14 Inch Laptop Computer, Intel Celeron N3060 1.6GHz, 4GB RAM, 32GB SSD, Windows 10 (Certified Refurbished)",HP,14 in,4 GB,32 GB,Intel,1.6 GHz,Windows 10,,2018 Stream Intel Celeron N3060 SSD Refurbished
199,457,2776,"HP Stream 11.6"" Laptop, Windows 10 Home, Office 365 Personal 1-year subscription included, Intel Celeron N3060 Processor, 4GB RAM, 32GB eMMC Storage",HP,11.6 in,4 GB,32 GB,Intel Celeron,"1.60 GHz, with a Max Turbo Speed of 2.48 GHz",Windows 10,10 hours,Stream Intel Celeron N3060,"2018 HP Stream 14 Inch Laptop Computer, Intel Celeron N3060 1.6GHz, 4GB RAM, 32GB SSD, Windows 10 (Certified Refurbished)",HP,14 in,4 GB,32 GB,Intel,1.6 GHz,Windows 10,,2018 Stream Intel Celeron N3060 SSD Refurbished
